"../../../Engine/Plugins/Interchange/Runtime/Content/Pipelines/DefaultTexturePipeline.uasset" 0
"../../../Engine/Plugins/Interchange/Runtime/Content/Pipelines/DefaultTexturePipeline.uexp" 1
"../../../Engine/Plugins/Interchange/Runtime/Content/Pipelines/DefaultSceneLevelPipeline.uasset" 2
"../../../Engine/Plugins/Interchange/Runtime/Content/Pipelines/DefaultSceneLevelPipeline.uexp" 3
"../../../Engine/Plugins/Interchange/Runtime/Content/Pipelines/DefaultSceneAssetsPipeline.uasset" 4
"../../../Engine/Plugins/Interchange/Runtime/Content/Pipelines/DefaultSceneAssetsPipeline.uexp" 5
"../../../Engine/Plugins/Interchange/Runtime/Content/Pipelines/DefaultMaterialXPipeline.uasset" 6
"../../../Engine/Plugins/Interchange/Runtime/Content/Pipelines/DefaultMaterialXPipeline.uexp" 7
"../../../Engine/Plugins/Interchange/Runtime/Content/Pipelines/DefaultMaterialPipeline.uasset" 8
"../../../Engine/Plugins/Interchange/Runtime/Content/Pipelines/DefaultMaterialPipeline.uexp" 9
"../../../Engine/Plugins/Interchange/Runtime/Content/Pipelines/DefaultGLTFSceneAssetsPipeline.uasset" 10
"../../../Engine/Plugins/Interchange/Runtime/Content/Pipelines/DefaultGLTFSceneAssetsPipeline.uexp" 11
"../../../Engine/Plugins/Interchange/Runtime/Content/Pipelines/DefaultGLTFPipeline.uasset" 12
"../../../Engine/Plugins/Interchange/Runtime/Content/Pipelines/DefaultGLTFPipeline.uexp" 13
"../../../Engine/Plugins/Interchange/Runtime/Content/Pipelines/DefaultGLTFAssetsPipeline.uasset" 14
"../../../Engine/Plugins/Interchange/Runtime/Content/Pipelines/DefaultGLTFAssetsPipeline.uexp" 15
"../../../Engine/Plugins/Interchange/Runtime/Content/Pipelines/DefaultAssetsPipeline.uasset" 16
"../../../Engine/Plugins/Interchange/Runtime/Content/Pipelines/DefaultAssetsPipeline.uexp" 17
"../../../Engine/Plugins/Animation/ControlRig/Content/Controls/DefaultGizmoLibraryNormalized.uasset" 18
"../../../Engine/Plugins/Animation/ControlRig/Content/Controls/DefaultGizmoLibraryNormalized.uexp" 19
"../../../Engine/Plugins/2D/Paper2D/Content/PlaceholderTextures/DummySpriteTexture.ubulk" 20
"../../../Engine/Plugins/2D/Paper2D/Content/PlaceholderTextures/DummySpriteTexture.uasset" 21
"../../../Engine/Plugins/2D/Paper2D/Content/PlaceholderTextures/DummySpriteTexture.uexp" 22
"../../../Engine/Plugins/2D/Paper2D/Content/DummySprite.uasset" 23
"../../../Engine/Plugins/2D/Paper2D/Content/DummySprite.uexp" 24
"../../../Engine/Plugins/2D/Paper2D/Content/DefaultPaperTerrainMaterial.uasset" 25
"../../../Engine/Plugins/2D/Paper2D/Content/DefaultPaperTerrainMaterial.uexp" 26
"../../../Engine/Content/EngineMaterials/DefaultDestructiblePhysicalMaterial.uasset" 27
"../../../Engine/Content/EngineMaterials/DefaultDestructiblePhysicalMaterial.uexp" 28
"../../../Engine/Content/EngineFonts/Faces/RobotoLight.uexp" 29
"../../../Engine/Content/EngineFonts/Faces/RobotoLight.uasset" 30
"../../../Engine/Content/EngineFonts/Faces/RobotoLight.ufont" 31
"../../../Engine/Content/EngineFonts/Faces/RobotoBold.uexp" 32
"../../../Engine/Content/EngineFonts/Faces/RobotoBold.uasset" 33
"../../../Engine/Content/EngineFonts/Faces/RobotoBold.ufont" 34
"../../../Engine/Content/EngineFonts/Faces/RobotoRegular.uexp" 35
"../../../Engine/Content/EngineFonts/Faces/RobotoRegular.uasset" 36
"../../../Engine/Content/EngineFonts/Faces/RobotoRegular.ufont" 37
"../../../Engine/Content/EngineFonts/Faces/DroidSansFallback.uexp" 38
"../../../Engine/Content/EngineFonts/Faces/DroidSansFallback.uasset" 39
"../../../Engine/Content/EngineFonts/Faces/DroidSansFallback.ufont" 40
"../../../Engine/Content/EngineFonts/Faces/RobotoItalic.uexp" 41
"../../../Engine/Content/EngineFonts/Faces/RobotoItalic.uasset" 42
"../../../Engine/Content/EngineFonts/Faces/RobotoItalic.ufont" 43
"../../../Engine/Content/EngineFonts/Faces/RobotoBoldItalic.uexp" 44
"../../../Engine/Content/EngineFonts/Faces/RobotoBoldItalic.uasset" 45
"../../../Engine/Content/EngineFonts/Faces/RobotoBoldItalic.ufont" 46
"../../../Engine/Content/EngineFonts/Roboto.uasset" 47
"../../../Engine/Content/EngineFonts/Roboto.uexp" 48
"../../../Engine/Content/Animation/DefaultRecorderBoneCompression.uasset" 49
"../../../Engine/Content/Animation/DefaultRecorderBoneCompression.uexp" 50
"../../../Engine/Content/MobileResources/HUD/VirtualJoystick_Background.uasset" 51
"../../../Engine/Content/MobileResources/HUD/VirtualJoystick_Background.uexp" 52
"../../../Engine/Content/MobileResources/HUD/VirtualJoystick_Thumb.uasset" 53
"../../../Engine/Content/MobileResources/HUD/VirtualJoystick_Thumb.uexp" 54
"../../../Engine/Content/MobileResources/HUD/DefaultVirtualJoysticks.uasset" 55
"../../../Engine/Content/MobileResources/HUD/DefaultVirtualJoysticks.uexp" 56
"../../../Engine/Content/EditorResources/S_Actor.ubulk" 57
"../../../Engine/Content/EditorResources/S_Actor.uasset" 58
"../../../Engine/Content/EditorResources/S_Actor.uexp" 59
"../../../Engine/Plugins/Runtime/AudioWidgets/Content/Resources/ScrubHandleDown_Clamped.uasset" 60
"../../../Engine/Plugins/Runtime/AudioWidgets/Content/Resources/ScrubHandleDown_Clamped.uexp" 61
"../../../Engine/Content/EngineResources/GradientTexture0.uasset" 62
"../../../Engine/Content/EngineResources/GradientTexture0.uexp" 63
"../../../Engine/Content/EngineResources/DefaultTexture.ubulk" 64
"../../../Engine/Content/EngineResources/DefaultTexture.uasset" 65
"../../../Engine/Content/EngineResources/DefaultTexture.uexp" 66
"../../../Engine/Content/EngineResources/Black.uasset" 67
"../../../Engine/Content/EngineResources/Black.uexp" 68
"../../../Engine/Content/EngineMaterials/PreintegratedSkinBRDF.uasset" 69
"../../../Engine/Content/EngineMaterials/PreintegratedSkinBRDF.uexp" 70
"../../../Engine/Content/EngineMaterials/MiniFont.uasset" 71
"../../../Engine/Content/EngineMaterials/MiniFont.uexp" 72
"../../../Engine/Content/EngineMaterials/FastBlueNoise_vec2_128x128x64.uasset" 73
"../../../Engine/Content/EngineMaterials/FastBlueNoise_vec2_128x128x64.uexp" 74
"../../../Engine/Content/EngineMaterials/FastBlueNoise_scalar_128x128x64.uasset" 75
"../../../Engine/Content/EngineMaterials/FastBlueNoise_scalar_128x128x64.uexp" 76
"../../../Engine/Content/EngineMaterials/DefaultWhiteGrid.ubulk" 77
"../../../Engine/Content/EngineMaterials/DefaultWhiteGrid.uasset" 78
"../../../Engine/Content/EngineMaterials/DefaultWhiteGrid.uexp" 79
"../../../Engine/Content/EngineMaterials/DefaultBokeh.uasset" 80
"../../../Engine/Content/EngineMaterials/DefaultBokeh.uexp" 81
"../../../Engine/Content/EngineMaterials/DefaultBloomKernel.uasset" 82
"../../../Engine/Content/EngineMaterials/DefaultBloomKernel.uexp" 83
"../../../Engine/Content/EngineDamageTypes/DmgTypeBP_Environmental.uasset" 84
"../../../Engine/Content/EngineDamageTypes/DmgTypeBP_Environmental.uexp" 85
"../../../Engine/Content/EditorResources/S_TriggerSphere.uasset" 86
"../../../Engine/Content/EditorResources/S_TriggerSphere.uexp" 87
"../../../Engine/Content/EditorResources/S_TriggerCapsule.uasset" 88
"../../../Engine/Content/EditorResources/S_TriggerCapsule.uexp" 89
"../../../Engine/Content/EditorResources/S_TriggerBox.uasset" 90
"../../../Engine/Content/EditorResources/S_TriggerBox.uexp" 91
"../../../Engine/Content/EditorResources/S_Trigger.ubulk" 92
"../../../Engine/Content/EditorResources/S_Trigger.uasset" 93
"../../../Engine/Content/EditorResources/S_Trigger.uexp" 94
"../../../Engine/Content/EditorResources/S_Terrain.ubulk" 95
"../../../Engine/Content/EditorResources/S_Terrain.uasset" 96
"../../../Engine/Content/EditorResources/S_Terrain.uexp" 97
"../../../Engine/Content/EditorResources/S_Solver.ubulk" 98
"../../../Engine/Content/EditorResources/S_Solver.uasset" 99
"../../../Engine/Content/EditorResources/S_Solver.uexp" 100
"../../../Engine/Content/EditorResources/S_BoxReflectionCapture.uasset" 101
"../../../Engine/Content/EditorResources/S_BoxReflectionCapture.uexp" 102
"../../../Engine/Content/EditorResources/EmptyActor.uasset" 103
"../../../Engine/Content/EditorResources/EmptyActor.uexp" 104
"../../../Engine/Content/EditorResources/BSPVertex.uasset" 105
"../../../Engine/Content/EditorResources/BSPVertex.uexp" 106
"../../../Engine/Content/EditorLandscapeResources/DefaultAlphaTexture.uasset" 107
"../../../Engine/Content/EditorLandscapeResources/DefaultAlphaTexture.uexp" 108
<<<<<<< HEAD
<<<<<<< HEAD
<<<<<<< HEAD
"../../../Engine/Content/EngineResources/FilmGrains/Marcie_Grain_v3_128_M2_000.uasset" 109
"../../../Engine/Content/EngineResources/FilmGrains/Marcie_Grain_v3_128_M2_000.uexp" 110
"../../../Engine/Content/EngineMaterials/LTC/Sheen_LTC.uasset" 111
"../../../Engine/Content/EngineMaterials/LTC/Sheen_LTC.uexp" 112
"../../../Engine/Content/EngineMaterials/LTC/GGX_LTCMat.uasset" 113
"../../../Engine/Content/EngineMaterials/LTC/GGX_LTCMat.uexp" 114
"../../../Engine/Content/EngineMaterials/LTC/GGX_LTCAmp.uasset" 115
"../../../Engine/Content/EngineMaterials/LTC/GGX_LTCAmp.uexp" 116
"../../../Engine/Content/EngineMaterials/EnergyConservation/Sheen_Energy.uasset" 117
"../../../Engine/Content/EngineMaterials/EnergyConservation/Sheen_Energy.uexp" 118
"../../../Engine/Content/EngineMaterials/EnergyConservation/SheenLegacy_Energy.uasset" 119
"../../../Engine/Content/EngineMaterials/EnergyConservation/SheenLegacy_Energy.uexp" 120
"../../../Engine/Content/EngineMaterials/EnergyConservation/GGX_TransmissionEnergyArray.uasset" 121
"../../../Engine/Content/EngineMaterials/EnergyConservation/GGX_TransmissionEnergyArray.uexp" 122
"../../../Engine/Content/EngineMaterials/EnergyConservation/GGX_ReflectionEnergy.uasset" 123
"../../../Engine/Content/EngineMaterials/EnergyConservation/GGX_ReflectionEnergy.uexp" 124
"../../../Engine/Content/EngineMaterials/EnergyConservation/Diffuse_Energy.uasset" 125
"../../../Engine/Content/EngineMaterials/EnergyConservation/Diffuse_Energy.uexp" 126
"../../../Engine/Content/EditorResources/SequenceRecorder/RecordingIndicator.uasset" 127
"../../../Engine/Content/EditorResources/SequenceRecorder/RecordingIndicator.uexp" 128
"../../../Engine/Content/EditorResources/SequenceRecorder/Countdown.uasset" 129
"../../../Engine/Content/EditorResources/SequenceRecorder/Countdown.uexp" 130
"../../../Engine/Content/EditorMaterials/ParticleSystems/PSysThumbnail_OOD.ubulk" 131
"../../../Engine/Content/EditorMaterials/ParticleSystems/PSysThumbnail_OOD.uasset" 132
"../../../Engine/Content/EditorMaterials/ParticleSystems/PSysThumbnail_OOD.uexp" 133
"../../../Engine/Content/EditorMaterials/ParticleSystems/PSysThumbnail_NoImage.ubulk" 134
"../../../Engine/Content/EditorMaterials/ParticleSystems/PSysThumbnail_NoImage.uasset" 135
"../../../Engine/Content/EditorMaterials/ParticleSystems/PSysThumbnail_NoImage.uexp" 136
"../../../Engine/Plugins/Animation/ACLPlugin/Content/ACLAnimBoneCompressionSettings.uasset" 137
"../../../Engine/Plugins/Animation/ACLPlugin/Content/ACLAnimBoneCompressionSettings.uexp" 138
"../../../Engine/Content/Animation/DefaultVariableFrameStrippingSettings.uasset" 139
"../../../Engine/Content/Animation/DefaultVariableFrameStrippingSettings.uexp" 140
"D:/university work/Little Nightmares 2 UNI PROJECT CLIENT/unreal/Client-brief/Client-brief/ClientBrief1/Content/Animations/Idle/Ideal_Skeleton.uasset" 141
"D:/university work/Little Nightmares 2 UNI PROJECT CLIENT/unreal/Client-brief/Client-brief/ClientBrief1/Content/Animations/Idle/Ideal_Skeleton.uexp" 142
"../../../Engine/Plugins/Animation/ACLPlugin/Content/ACLAnimCurveCompressionSettings.uasset" 143
"../../../Engine/Plugins/Animation/ACLPlugin/Content/ACLAnimCurveCompressionSettings.uexp" 144
"D:/university work/Little Nightmares 2 UNI PROJECT CLIENT/unreal/Client-brief/Client-brief/ClientBrief1/Content/Animations/Ideal.uasset" 145
"D:/university work/Little Nightmares 2 UNI PROJECT CLIENT/unreal/Client-brief/Client-brief/ClientBrief1/Content/Animations/Ideal.uexp" 146
"D:/university work/Little Nightmares 2 UNI PROJECT CLIENT/unreal/Client-brief/Client-brief/ClientBrief1/Content/Animations/Walk.uasset" 147
"D:/university work/Little Nightmares 2 UNI PROJECT CLIENT/unreal/Client-brief/Client-brief/ClientBrief1/Content/Animations/Walk.uexp" 148
"D:/university work/Little Nightmares 2 UNI PROJECT CLIENT/unreal/Client-brief/Client-brief/ClientBrief1/Content/Animations/BS_Walk.uasset" 149
"D:/university work/Little Nightmares 2 UNI PROJECT CLIENT/unreal/Client-brief/Client-brief/ClientBrief1/Content/Animations/BS_Walk.uexp" 150
"D:/university work/Little Nightmares 2 UNI PROJECT CLIENT/unreal/Client-brief/Client-brief/ClientBrief1/Content/Animations/Pull.uasset" 151
"D:/university work/Little Nightmares 2 UNI PROJECT CLIENT/unreal/Client-brief/Client-brief/ClientBrief1/Content/Animations/Pull.uexp" 152
"D:/university work/Little Nightmares 2 UNI PROJECT CLIENT/unreal/Client-brief/Client-brief/ClientBrief1/Content/Animations/Crouch/Crouch_Walk.uasset" 153
"D:/university work/Little Nightmares 2 UNI PROJECT CLIENT/unreal/Client-brief/Client-brief/ClientBrief1/Content/Animations/Crouch/Crouch_Walk.uexp" 154
"D:/university work/Little Nightmares 2 UNI PROJECT CLIENT/unreal/Client-brief/Client-brief/ClientBrief1/Content/Animations/Crouch_Idle_Anim.uasset" 155
"D:/university work/Little Nightmares 2 UNI PROJECT CLIENT/unreal/Client-brief/Client-brief/ClientBrief1/Content/Animations/Crouch_Idle_Anim.uexp" 156
"D:/university work/Little Nightmares 2 UNI PROJECT CLIENT/unreal/Client-brief/Client-brief/ClientBrief1/Content/Animations/BS_Crouch.uasset" 157
"D:/university work/Little Nightmares 2 UNI PROJECT CLIENT/unreal/Client-brief/Client-brief/ClientBrief1/Content/Animations/BS_Crouch.uexp" 158
"D:/university work/Little Nightmares 2 UNI PROJECT CLIENT/unreal/Client-brief/Client-brief/ClientBrief1/Content/Animations/Crouch.uasset" 159
"D:/university work/Little Nightmares 2 UNI PROJECT CLIENT/unreal/Client-brief/Client-brief/ClientBrief1/Content/Animations/Crouch.uexp" 160
"D:/university work/Little Nightmares 2 UNI PROJECT CLIENT/unreal/Client-brief/Client-brief/ClientBrief1/Content/Animations/Interact_2.uasset" 161
"D:/university work/Little Nightmares 2 UNI PROJECT CLIENT/unreal/Client-brief/Client-brief/ClientBrief1/Content/Animations/Interact_2.uexp" 162
"D:/university work/Little Nightmares 2 UNI PROJECT CLIENT/unreal/Client-brief/Client-brief/ClientBrief1/Content/Animations/AB_Small.uasset" 163
"D:/university work/Little Nightmares 2 UNI PROJECT CLIENT/unreal/Client-brief/Client-brief/ClientBrief1/Content/Animations/AB_Small.uexp" 164
"../../../Engine/Content/EngineSounds/Master.uasset" 165
"../../../Engine/Content/EngineSounds/Master.uexp" 166
"D:/university work/Little Nightmares 2 UNI PROJECT CLIENT/unreal/Client-brief/Client-brief/ClientBrief1/Content/UI/Menu/AmaticSC-Regular.uexp" 167
"D:/university work/Little Nightmares 2 UNI PROJECT CLIENT/unreal/Client-brief/Client-brief/ClientBrief1/Content/UI/Menu/AmaticSC-Regular.uasset" 168
"D:/university work/Little Nightmares 2 UNI PROJECT CLIENT/unreal/Client-brief/Client-brief/ClientBrief1/Content/UI/Menu/AmaticSC-Regular.ufont" 169
"D:/university work/Little Nightmares 2 UNI PROJECT CLIENT/unreal/Client-brief/Client-brief/ClientBrief1/Content/UI/Menu/AmaticSC-Regular_Font.uasset" 170
"D:/university work/Little Nightmares 2 UNI PROJECT CLIENT/unreal/Client-brief/Client-brief/ClientBrief1/Content/UI/Menu/AmaticSC-Regular_Font.uexp" 171
"D:/university work/Little Nightmares 2 UNI PROJECT CLIENT/unreal/Client-brief/Client-brief/ClientBrief1/Content/Music/SC_Spok.uasset" 172
"D:/university work/Little Nightmares 2 UNI PROJECT CLIENT/unreal/Client-brief/Client-brief/ClientBrief1/Content/Music/SC_Spok.uexp" 173
"D:/university work/Little Nightmares 2 UNI PROJECT CLIENT/unreal/Client-brief/Client-brief/ClientBrief1/Content/Music/MainSoundClassMix.uasset" 174
"D:/university work/Little Nightmares 2 UNI PROJECT CLIENT/unreal/Client-brief/Client-brief/ClientBrief1/Content/Music/MainSoundClassMix.uexp" 175
"D:/university work/Little Nightmares 2 UNI PROJECT CLIENT/unreal/Client-brief/Client-brief/ClientBrief1/Content/UI/PauseMenu/WBP_PauseMenu.uasset" 176
"D:/university work/Little Nightmares 2 UNI PROJECT CLIENT/unreal/Client-brief/Client-brief/ClientBrief1/Content/UI/PauseMenu/WBP_PauseMenu.uexp" 177
"D:/university work/Little Nightmares 2 UNI PROJECT CLIENT/unreal/Client-brief/Client-brief/ClientBrief1/Content/ThirdPerson/Blueprints/BPC_Inventory.uasset" 178
"D:/university work/Little Nightmares 2 UNI PROJECT CLIENT/unreal/Client-brief/Client-brief/ClientBrief1/Content/ThirdPerson/Blueprints/BPC_Inventory.uexp" 179
"D:/university work/Little Nightmares 2 UNI PROJECT CLIENT/unreal/Client-brief/Client-brief/ClientBrief1/Content/MDMedieval/Textures/MDMedieval_Wood_Light_basecolor.ubulk" 180
"D:/university work/Little Nightmares 2 UNI PROJECT CLIENT/unreal/Client-brief/Client-brief/ClientBrief1/Content/MDMedieval/Textures/MDMedieval_Wood_Light_basecolor.uasset" 181
"D:/university work/Little Nightmares 2 UNI PROJECT CLIENT/unreal/Client-brief/Client-brief/ClientBrief1/Content/MDMedieval/Textures/MDMedieval_Wood_Light_basecolor.uexp" 182
"D:/university work/Little Nightmares 2 UNI PROJECT CLIENT/unreal/Client-brief/Client-brief/ClientBrief1/Content/MDMedieval/Textures/MDMedieval_Wood_RHA.ubulk" 183
"D:/university work/Little Nightmares 2 UNI PROJECT CLIENT/unreal/Client-brief/Client-brief/ClientBrief1/Content/MDMedieval/Textures/MDMedieval_Wood_RHA.uasset" 184
"D:/university work/Little Nightmares 2 UNI PROJECT CLIENT/unreal/Client-brief/Client-brief/ClientBrief1/Content/MDMedieval/Textures/MDMedieval_Wood_RHA.uexp" 185
"D:/university work/Little Nightmares 2 UNI PROJECT CLIENT/unreal/Client-brief/Client-brief/ClientBrief1/Content/MDMedieval/Textures/MDMedieval_Mask_Dirt.ubulk" 186
"D:/university work/Little Nightmares 2 UNI PROJECT CLIENT/unreal/Client-brief/Client-brief/ClientBrief1/Content/MDMedieval/Textures/MDMedieval_Mask_Dirt.uasset" 187
"D:/university work/Little Nightmares 2 UNI PROJECT CLIENT/unreal/Client-brief/Client-brief/ClientBrief1/Content/MDMedieval/Textures/MDMedieval_Mask_Dirt.uexp" 188
"D:/university work/Little Nightmares 2 UNI PROJECT CLIENT/unreal/Client-brief/Client-brief/ClientBrief1/Content/MDMedieval/Textures/MDMedieval_Wood_basecolor.ubulk" 189
"D:/university work/Little Nightmares 2 UNI PROJECT CLIENT/unreal/Client-brief/Client-brief/ClientBrief1/Content/MDMedieval/Textures/MDMedieval_Wood_basecolor.uasset" 190
"D:/university work/Little Nightmares 2 UNI PROJECT CLIENT/unreal/Client-brief/Client-brief/ClientBrief1/Content/MDMedieval/Textures/MDMedieval_Wood_basecolor.uexp" 191
"D:/university work/Little Nightmares 2 UNI PROJECT CLIENT/unreal/Client-brief/Client-brief/ClientBrief1/Content/MDMedieval/Textures/MDMedieval_Mask_BenchBoxes.ubulk" 192
"D:/university work/Little Nightmares 2 UNI PROJECT CLIENT/unreal/Client-brief/Client-brief/ClientBrief1/Content/MDMedieval/Textures/MDMedieval_Mask_BenchBoxes.uasset" 193
"D:/university work/Little Nightmares 2 UNI PROJECT CLIENT/unreal/Client-brief/Client-brief/ClientBrief1/Content/MDMedieval/Textures/MDMedieval_Mask_BenchBoxes.uexp" 194
"D:/university work/Little Nightmares 2 UNI PROJECT CLIENT/unreal/Client-brief/Client-brief/ClientBrief1/Content/MDMedieval/Textures/MDMedieval_Wood_normal.ubulk" 195
"D:/university work/Little Nightmares 2 UNI PROJECT CLIENT/unreal/Client-brief/Client-brief/ClientBrief1/Content/MDMedieval/Textures/MDMedieval_Wood_normal.uasset" 196
"D:/university work/Little Nightmares 2 UNI PROJECT CLIENT/unreal/Client-brief/Client-brief/ClientBrief1/Content/MDMedieval/Textures/MDMedieval_Wood_normal.uexp" 197
"D:/university work/Little Nightmares 2 UNI PROJECT CLIENT/unreal/Client-brief/Client-brief/ClientBrief1/Content/MDMedieval/Materials/MDMedieval_Wood_Main_Mat.uasset" 198
"D:/university work/Little Nightmares 2 UNI PROJECT CLIENT/unreal/Client-brief/Client-brief/ClientBrief1/Content/MDMedieval/Materials/MDMedieval_Wood_Main_Mat.uexp" 199
"D:/university work/Little Nightmares 2 UNI PROJECT CLIENT/unreal/Client-brief/Client-brief/ClientBrief1/Content/MDMedieval/Materials/MDMedieval_Wood_BenchBoxes_Mat_Inst.uasset" 200
"D:/university work/Little Nightmares 2 UNI PROJECT CLIENT/unreal/Client-brief/Client-brief/ClientBrief1/Content/MDMedieval/Materials/MDMedieval_Wood_BenchBoxes_Mat_Inst.uexp" 201
"D:/university work/Little Nightmares 2 UNI PROJECT CLIENT/unreal/Client-brief/Client-brief/ClientBrief1/Content/MDMedieval/Meshes/MDMedieval_Furniture_Box_Alt.ubulk" 202
"D:/university work/Little Nightmares 2 UNI PROJECT CLIENT/unreal/Client-brief/Client-brief/ClientBrief1/Content/MDMedieval/Meshes/MDMedieval_Furniture_Box_Alt.uasset" 203
"D:/university work/Little Nightmares 2 UNI PROJECT CLIENT/unreal/Client-brief/Client-brief/ClientBrief1/Content/MDMedieval/Meshes/MDMedieval_Furniture_Box_Alt.uexp" 204
"D:/university work/Little Nightmares 2 UNI PROJECT CLIENT/unreal/Client-brief/Client-brief/ClientBrief1/Content/UI/Pull/WBP_Pull.uasset" 205
"D:/university work/Little Nightmares 2 UNI PROJECT CLIENT/unreal/Client-brief/Client-brief/ClientBrief1/Content/UI/Pull/WBP_Pull.uexp" 206
"D:/university work/Little Nightmares 2 UNI PROJECT CLIENT/unreal/Client-brief/Client-brief/ClientBrief1/Content/ThirdPerson/Blueprints/BP_Push.uasset" 207
"D:/university work/Little Nightmares 2 UNI PROJECT CLIENT/unreal/Client-brief/Client-brief/ClientBrief1/Content/ThirdPerson/Blueprints/BP_Push.uexp" 208
"D:/university work/Little Nightmares 2 UNI PROJECT CLIENT/unreal/Client-brief/Client-brief/ClientBrief1/Content/UI/Death/WBP_Death.uasset" 209
"D:/university work/Little Nightmares 2 UNI PROJECT CLIENT/unreal/Client-brief/Client-brief/ClientBrief1/Content/UI/Death/WBP_Death.uexp" 210
"D:/university work/Little Nightmares 2 UNI PROJECT CLIENT/unreal/Client-brief/Client-brief/ClientBrief1/Content/ThirdPerson/Input/Actions/IA_Jump.uasset" 211
"D:/university work/Little Nightmares 2 UNI PROJECT CLIENT/unreal/Client-brief/Client-brief/ClientBrief1/Content/ThirdPerson/Input/Actions/IA_Jump.uexp" 212
"D:/university work/Little Nightmares 2 UNI PROJECT CLIENT/unreal/Client-brief/Client-brief/ClientBrief1/Content/ThirdPerson/Input/Actions/IA_Look.uasset" 213
"D:/university work/Little Nightmares 2 UNI PROJECT CLIENT/unreal/Client-brief/Client-brief/ClientBrief1/Content/ThirdPerson/Input/Actions/IA_Look.uexp" 214
"D:/university work/Little Nightmares 2 UNI PROJECT CLIENT/unreal/Client-brief/Client-brief/ClientBrief1/Content/ThirdPerson/Input/Actions/IA_Move.uasset" 215
"D:/university work/Little Nightmares 2 UNI PROJECT CLIENT/unreal/Client-brief/Client-brief/ClientBrief1/Content/ThirdPerson/Input/Actions/IA_Move.uexp" 216
"D:/university work/Little Nightmares 2 UNI PROJECT CLIENT/unreal/Client-brief/Client-brief/ClientBrief1/Content/ThirdPerson/Input/IMC_Default.uasset" 217
"D:/university work/Little Nightmares 2 UNI PROJECT CLIENT/unreal/Client-brief/Client-brief/ClientBrief1/Content/ThirdPerson/Input/IMC_Default.uexp" 218
"D:/university work/Little Nightmares 2 UNI PROJECT CLIENT/unreal/Client-brief/Client-brief/ClientBrief1/Content/ThirdPerson/Blueprints/I_Interactable.uasset" 219
"D:/university work/Little Nightmares 2 UNI PROJECT CLIENT/unreal/Client-brief/Client-brief/ClientBrief1/Content/ThirdPerson/Blueprints/I_Interactable.uexp" 220
"D:/university work/Little Nightmares 2 UNI PROJECT CLIENT/unreal/Client-brief/Client-brief/ClientBrief1/Content/Animations/Plz_PhysicsAsset.uasset" 221
"D:/university work/Little Nightmares 2 UNI PROJECT CLIENT/unreal/Client-brief/Client-brief/ClientBrief1/Content/Animations/Plz_PhysicsAsset.uexp" 222
"D:/university work/Little Nightmares 2 UNI PROJECT CLIENT/unreal/Client-brief/Client-brief/ClientBrief1/Content/Animations/Body.uasset" 223
"D:/university work/Little Nightmares 2 UNI PROJECT CLIENT/unreal/Client-brief/Client-brief/ClientBrief1/Content/Animations/Body.uexp" 224
"D:/university work/Little Nightmares 2 UNI PROJECT CLIENT/unreal/Client-brief/Client-brief/ClientBrief1/Content/Textures/Player_Model_2_initialShadingGroup_OcclusionRoughnessMetallic.ubulk" 225
"D:/university work/Little Nightmares 2 UNI PROJECT CLIENT/unreal/Client-brief/Client-brief/ClientBrief1/Content/Textures/Player_Model_2_initialShadingGroup_OcclusionRoughnessMetallic.uasset" 226
"D:/university work/Little Nightmares 2 UNI PROJECT CLIENT/unreal/Client-brief/Client-brief/ClientBrief1/Content/Textures/Player_Model_2_initialShadingGroup_OcclusionRoughnessMetallic.uexp" 227
"D:/university work/Little Nightmares 2 UNI PROJECT CLIENT/unreal/Client-brief/Client-brief/ClientBrief1/Content/Animations/Player_Model_2_initialShadingGroup_BaseColor.ubulk" 228
"D:/university work/Little Nightmares 2 UNI PROJECT CLIENT/unreal/Client-brief/Client-brief/ClientBrief1/Content/Animations/Player_Model_2_initialShadingGroup_BaseColor.uasset" 229
"D:/university work/Little Nightmares 2 UNI PROJECT CLIENT/unreal/Client-brief/Client-brief/ClientBrief1/Content/Animations/Player_Model_2_initialShadingGroup_BaseColor.uexp" 230
"D:/university work/Little Nightmares 2 UNI PROJECT CLIENT/unreal/Client-brief/Client-brief/ClientBrief1/Content/Textures/Player_Model_2_initialShadingGroup_Normal.ubulk" 231
"D:/university work/Little Nightmares 2 UNI PROJECT CLIENT/unreal/Client-brief/Client-brief/ClientBrief1/Content/Textures/Player_Model_2_initialShadingGroup_Normal.uasset" 232
"D:/university work/Little Nightmares 2 UNI PROJECT CLIENT/unreal/Client-brief/Client-brief/ClientBrief1/Content/Textures/Player_Model_2_initialShadingGroup_Normal.uexp" 233
"D:/university work/Little Nightmares 2 UNI PROJECT CLIENT/unreal/Client-brief/Client-brief/ClientBrief1/Content/Animations/MAT_Player_Dress.uasset" 234
"D:/university work/Little Nightmares 2 UNI PROJECT CLIENT/unreal/Client-brief/Client-brief/ClientBrief1/Content/Animations/MAT_Player_Dress.uexp" 235
"D:/university work/Little Nightmares 2 UNI PROJECT CLIENT/unreal/Client-brief/Client-brief/ClientBrief1/Content/Animations/Plz.uasset" 236
"D:/university work/Little Nightmares 2 UNI PROJECT CLIENT/unreal/Client-brief/Client-brief/ClientBrief1/Content/Animations/Plz.uexp" 237
"D:/university work/Little Nightmares 2 UNI PROJECT CLIENT/unreal/Client-brief/Client-brief/ClientBrief1/Content/ThirdPerson/Blueprints/BP_ThirdPersonCharacter.uasset" 238
"D:/university work/Little Nightmares 2 UNI PROJECT CLIENT/unreal/Client-brief/Client-brief/ClientBrief1/Content/ThirdPerson/Blueprints/BP_ThirdPersonCharacter.uexp" 239
"D:/university work/Little Nightmares 2 UNI PROJECT CLIENT/unreal/Client-brief/Client-brief/ClientBrief1/Content/ThirdPerson/Blueprints/BP_ThirdPersonGameMode.uasset" 240
"D:/university work/Little Nightmares 2 UNI PROJECT CLIENT/unreal/Client-brief/Client-brief/ClientBrief1/Content/ThirdPerson/Blueprints/BP_ThirdPersonGameMode.uexp" 241
=======
=======
>>>>>>> 2c9e8ed0d98f5279aca5a3703af2be7690b3cd9d
=======
>>>>>>> 2c9e8ed0d98f5279aca5a3703af2be7690b3cd9d
"../../../Engine/Plugins/Animation/ACLPlugin/Content/ACLAnimBoneCompressionSettings.uasset" 109
"../../../Engine/Plugins/Animation/ACLPlugin/Content/ACLAnimBoneCompressionSettings.uexp" 110
"../../../Engine/Content/Animation/DefaultVariableFrameStrippingSettings.uasset" 111
"../../../Engine/Content/Animation/DefaultVariableFrameStrippingSettings.uexp" 112
"C:/Users/keish/OneDrive/Documents/Games development/Git Projects/Client-brief/ClientBrief1/Content/Animations/Idle/Ideal_Skeleton.uasset" 113
"C:/Users/keish/OneDrive/Documents/Games development/Git Projects/Client-brief/ClientBrief1/Content/Animations/Idle/Ideal_Skeleton.uexp" 114
"../../../Engine/Plugins/Animation/ACLPlugin/Content/ACLAnimCurveCompressionSettings.uasset" 115
"../../../Engine/Plugins/Animation/ACLPlugin/Content/ACLAnimCurveCompressionSettings.uexp" 116
"C:/Users/keish/OneDrive/Documents/Games development/Git Projects/Client-brief/ClientBrief1/Content/Animations/Ideal.uasset" 117
"C:/Users/keish/OneDrive/Documents/Games development/Git Projects/Client-brief/ClientBrief1/Content/Animations/Ideal.uexp" 118
"C:/Users/keish/OneDrive/Documents/Games development/Git Projects/Client-brief/ClientBrief1/Content/Animations/Walk.uasset" 119
"C:/Users/keish/OneDrive/Documents/Games development/Git Projects/Client-brief/ClientBrief1/Content/Animations/Walk.uexp" 120
"C:/Users/keish/OneDrive/Documents/Games development/Git Projects/Client-brief/ClientBrief1/Content/Animations/BS_Walk.uasset" 121
"C:/Users/keish/OneDrive/Documents/Games development/Git Projects/Client-brief/ClientBrief1/Content/Animations/BS_Walk.uexp" 122
"C:/Users/keish/OneDrive/Documents/Games development/Git Projects/Client-brief/ClientBrief1/Content/Animations/Pull.uasset" 123
"C:/Users/keish/OneDrive/Documents/Games development/Git Projects/Client-brief/ClientBrief1/Content/Animations/Pull.uexp" 124
"C:/Users/keish/OneDrive/Documents/Games development/Git Projects/Client-brief/ClientBrief1/Content/Animations/Crouch/Crouch_Walk.uasset" 125
"C:/Users/keish/OneDrive/Documents/Games development/Git Projects/Client-brief/ClientBrief1/Content/Animations/Crouch/Crouch_Walk.uexp" 126
"C:/Users/keish/OneDrive/Documents/Games development/Git Projects/Client-brief/ClientBrief1/Content/Animations/Crouch_Idle_Anim.uasset" 127
"C:/Users/keish/OneDrive/Documents/Games development/Git Projects/Client-brief/ClientBrief1/Content/Animations/Crouch_Idle_Anim.uexp" 128
"C:/Users/keish/OneDrive/Documents/Games development/Git Projects/Client-brief/ClientBrief1/Content/Animations/BS_Crouch.uasset" 129
"C:/Users/keish/OneDrive/Documents/Games development/Git Projects/Client-brief/ClientBrief1/Content/Animations/BS_Crouch.uexp" 130
"C:/Users/keish/OneDrive/Documents/Games development/Git Projects/Client-brief/ClientBrief1/Content/Animations/Crouch.uasset" 131
"C:/Users/keish/OneDrive/Documents/Games development/Git Projects/Client-brief/ClientBrief1/Content/Animations/Crouch.uexp" 132
"C:/Users/keish/OneDrive/Documents/Games development/Git Projects/Client-brief/ClientBrief1/Content/Animations/Interact_2.uasset" 133
"C:/Users/keish/OneDrive/Documents/Games development/Git Projects/Client-brief/ClientBrief1/Content/Animations/Interact_2.uexp" 134
"C:/Users/keish/OneDrive/Documents/Games development/Git Projects/Client-brief/ClientBrief1/Content/Animations/AB_Small.uasset" 135
"C:/Users/keish/OneDrive/Documents/Games development/Git Projects/Client-brief/ClientBrief1/Content/Animations/AB_Small.uexp" 136
"../../../Engine/Content/EngineSounds/Master.uasset" 137
"../../../Engine/Content/EngineSounds/Master.uexp" 138
"C:/Users/keish/OneDrive/Documents/Games development/Git Projects/Client-brief/ClientBrief1/Content/UI/Menu/AmaticSC-Regular.uexp" 139
"C:/Users/keish/OneDrive/Documents/Games development/Git Projects/Client-brief/ClientBrief1/Content/UI/Menu/AmaticSC-Regular.uasset" 140
"C:/Users/keish/OneDrive/Documents/Games development/Git Projects/Client-brief/ClientBrief1/Content/UI/Menu/AmaticSC-Regular.ufont" 141
"C:/Users/keish/OneDrive/Documents/Games development/Git Projects/Client-brief/ClientBrief1/Content/UI/Menu/AmaticSC-Regular_Font.uasset" 142
"C:/Users/keish/OneDrive/Documents/Games development/Git Projects/Client-brief/ClientBrief1/Content/UI/Menu/AmaticSC-Regular_Font.uexp" 143
"C:/Users/keish/OneDrive/Documents/Games development/Git Projects/Client-brief/ClientBrief1/Content/Music/SC_Spok.uasset" 144
"C:/Users/keish/OneDrive/Documents/Games development/Git Projects/Client-brief/ClientBrief1/Content/Music/SC_Spok.uexp" 145
"C:/Users/keish/OneDrive/Documents/Games development/Git Projects/Client-brief/ClientBrief1/Content/Music/MainSoundClassMix.uasset" 146
"C:/Users/keish/OneDrive/Documents/Games development/Git Projects/Client-brief/ClientBrief1/Content/Music/MainSoundClassMix.uexp" 147
"C:/Users/keish/OneDrive/Documents/Games development/Git Projects/Client-brief/ClientBrief1/Content/UI/PauseMenu/WBP_PauseMenu.uasset" 148
"C:/Users/keish/OneDrive/Documents/Games development/Git Projects/Client-brief/ClientBrief1/Content/UI/PauseMenu/WBP_PauseMenu.uexp" 149
"C:/Users/keish/OneDrive/Documents/Games development/Git Projects/Client-brief/ClientBrief1/Content/ThirdPerson/Blueprints/BPC_Inventory.uasset" 150
"C:/Users/keish/OneDrive/Documents/Games development/Git Projects/Client-brief/ClientBrief1/Content/ThirdPerson/Blueprints/BPC_Inventory.uexp" 151
"C:/Users/keish/OneDrive/Documents/Games development/Git Projects/Client-brief/ClientBrief1/Content/MDMedieval/Textures/MDMedieval_Wood_Light_basecolor.ubulk" 152
"C:/Users/keish/OneDrive/Documents/Games development/Git Projects/Client-brief/ClientBrief1/Content/MDMedieval/Textures/MDMedieval_Wood_Light_basecolor.uasset" 153
"C:/Users/keish/OneDrive/Documents/Games development/Git Projects/Client-brief/ClientBrief1/Content/MDMedieval/Textures/MDMedieval_Wood_Light_basecolor.uexp" 154
"C:/Users/keish/OneDrive/Documents/Games development/Git Projects/Client-brief/ClientBrief1/Content/MDMedieval/Textures/MDMedieval_Wood_RHA.ubulk" 155
"C:/Users/keish/OneDrive/Documents/Games development/Git Projects/Client-brief/ClientBrief1/Content/MDMedieval/Textures/MDMedieval_Wood_RHA.uasset" 156
"C:/Users/keish/OneDrive/Documents/Games development/Git Projects/Client-brief/ClientBrief1/Content/MDMedieval/Textures/MDMedieval_Wood_RHA.uexp" 157
"C:/Users/keish/OneDrive/Documents/Games development/Git Projects/Client-brief/ClientBrief1/Content/MDMedieval/Textures/MDMedieval_Mask_Dirt.ubulk" 158
"C:/Users/keish/OneDrive/Documents/Games development/Git Projects/Client-brief/ClientBrief1/Content/MDMedieval/Textures/MDMedieval_Mask_Dirt.uasset" 159
"C:/Users/keish/OneDrive/Documents/Games development/Git Projects/Client-brief/ClientBrief1/Content/MDMedieval/Textures/MDMedieval_Mask_Dirt.uexp" 160
"C:/Users/keish/OneDrive/Documents/Games development/Git Projects/Client-brief/ClientBrief1/Content/MDMedieval/Textures/MDMedieval_Wood_basecolor.ubulk" 161
"C:/Users/keish/OneDrive/Documents/Games development/Git Projects/Client-brief/ClientBrief1/Content/MDMedieval/Textures/MDMedieval_Wood_basecolor.uasset" 162
"C:/Users/keish/OneDrive/Documents/Games development/Git Projects/Client-brief/ClientBrief1/Content/MDMedieval/Textures/MDMedieval_Wood_basecolor.uexp" 163
"C:/Users/keish/OneDrive/Documents/Games development/Git Projects/Client-brief/ClientBrief1/Content/MDMedieval/Textures/MDMedieval_Mask_BenchBoxes.ubulk" 164
"C:/Users/keish/OneDrive/Documents/Games development/Git Projects/Client-brief/ClientBrief1/Content/MDMedieval/Textures/MDMedieval_Mask_BenchBoxes.uasset" 165
"C:/Users/keish/OneDrive/Documents/Games development/Git Projects/Client-brief/ClientBrief1/Content/MDMedieval/Textures/MDMedieval_Mask_BenchBoxes.uexp" 166
"C:/Users/keish/OneDrive/Documents/Games development/Git Projects/Client-brief/ClientBrief1/Content/MDMedieval/Textures/MDMedieval_Wood_normal.ubulk" 167
"C:/Users/keish/OneDrive/Documents/Games development/Git Projects/Client-brief/ClientBrief1/Content/MDMedieval/Textures/MDMedieval_Wood_normal.uasset" 168
"C:/Users/keish/OneDrive/Documents/Games development/Git Projects/Client-brief/ClientBrief1/Content/MDMedieval/Textures/MDMedieval_Wood_normal.uexp" 169
"C:/Users/keish/OneDrive/Documents/Games development/Git Projects/Client-brief/ClientBrief1/Content/MDMedieval/Materials/MDMedieval_Wood_Main_Mat.uasset" 170
"C:/Users/keish/OneDrive/Documents/Games development/Git Projects/Client-brief/ClientBrief1/Content/MDMedieval/Materials/MDMedieval_Wood_Main_Mat.uexp" 171
"C:/Users/keish/OneDrive/Documents/Games development/Git Projects/Client-brief/ClientBrief1/Content/MDMedieval/Materials/MDMedieval_Wood_BenchBoxes_Mat_Inst.uasset" 172
"C:/Users/keish/OneDrive/Documents/Games development/Git Projects/Client-brief/ClientBrief1/Content/MDMedieval/Materials/MDMedieval_Wood_BenchBoxes_Mat_Inst.uexp" 173
"C:/Users/keish/OneDrive/Documents/Games development/Git Projects/Client-brief/ClientBrief1/Content/MDMedieval/Meshes/MDMedieval_Furniture_Box_Alt.ubulk" 174
"C:/Users/keish/OneDrive/Documents/Games development/Git Projects/Client-brief/ClientBrief1/Content/MDMedieval/Meshes/MDMedieval_Furniture_Box_Alt.uasset" 175
"C:/Users/keish/OneDrive/Documents/Games development/Git Projects/Client-brief/ClientBrief1/Content/MDMedieval/Meshes/MDMedieval_Furniture_Box_Alt.uexp" 176
"C:/Users/keish/OneDrive/Documents/Games development/Git Projects/Client-brief/ClientBrief1/Content/UI/Pull/WBP_Pull.uasset" 177
"C:/Users/keish/OneDrive/Documents/Games development/Git Projects/Client-brief/ClientBrief1/Content/UI/Pull/WBP_Pull.uexp" 178
"C:/Users/keish/OneDrive/Documents/Games development/Git Projects/Client-brief/ClientBrief1/Content/ThirdPerson/Blueprints/BP_Push.uasset" 179
"C:/Users/keish/OneDrive/Documents/Games development/Git Projects/Client-brief/ClientBrief1/Content/ThirdPerson/Blueprints/BP_Push.uexp" 180
"C:/Users/keish/OneDrive/Documents/Games development/Git Projects/Client-brief/ClientBrief1/Content/UI/Death/WBP_Death.uasset" 181
"C:/Users/keish/OneDrive/Documents/Games development/Git Projects/Client-brief/ClientBrief1/Content/UI/Death/WBP_Death.uexp" 182
"C:/Users/keish/OneDrive/Documents/Games development/Git Projects/Client-brief/ClientBrief1/Content/ThirdPerson/Input/Actions/IA_Jump.uasset" 183
"C:/Users/keish/OneDrive/Documents/Games development/Git Projects/Client-brief/ClientBrief1/Content/ThirdPerson/Input/Actions/IA_Jump.uexp" 184
"C:/Users/keish/OneDrive/Documents/Games development/Git Projects/Client-brief/ClientBrief1/Content/ThirdPerson/Input/Actions/IA_Look.uasset" 185
"C:/Users/keish/OneDrive/Documents/Games development/Git Projects/Client-brief/ClientBrief1/Content/ThirdPerson/Input/Actions/IA_Look.uexp" 186
"C:/Users/keish/OneDrive/Documents/Games development/Git Projects/Client-brief/ClientBrief1/Content/ThirdPerson/Input/Actions/IA_Move.uasset" 187
"C:/Users/keish/OneDrive/Documents/Games development/Git Projects/Client-brief/ClientBrief1/Content/ThirdPerson/Input/Actions/IA_Move.uexp" 188
"C:/Users/keish/OneDrive/Documents/Games development/Git Projects/Client-brief/ClientBrief1/Content/ThirdPerson/Input/IMC_Default.uasset" 189
"C:/Users/keish/OneDrive/Documents/Games development/Git Projects/Client-brief/ClientBrief1/Content/ThirdPerson/Input/IMC_Default.uexp" 190
"C:/Users/keish/OneDrive/Documents/Games development/Git Projects/Client-brief/ClientBrief1/Content/ThirdPerson/Blueprints/I_Interactable.uasset" 191
"C:/Users/keish/OneDrive/Documents/Games development/Git Projects/Client-brief/ClientBrief1/Content/ThirdPerson/Blueprints/I_Interactable.uexp" 192
"C:/Users/keish/OneDrive/Documents/Games development/Git Projects/Client-brief/ClientBrief1/Content/Animations/Plz_PhysicsAsset.uasset" 193
"C:/Users/keish/OneDrive/Documents/Games development/Git Projects/Client-brief/ClientBrief1/Content/Animations/Plz_PhysicsAsset.uexp" 194
"C:/Users/keish/OneDrive/Documents/Games development/Git Projects/Client-brief/ClientBrief1/Content/Animations/Body.uasset" 195
"C:/Users/keish/OneDrive/Documents/Games development/Git Projects/Client-brief/ClientBrief1/Content/Animations/Body.uexp" 196
"C:/Users/keish/OneDrive/Documents/Games development/Git Projects/Client-brief/ClientBrief1/Content/Textures/Player_Model_2_initialShadingGroup_OcclusionRoughnessMetallic.ubulk" 197
"C:/Users/keish/OneDrive/Documents/Games development/Git Projects/Client-brief/ClientBrief1/Content/Textures/Player_Model_2_initialShadingGroup_OcclusionRoughnessMetallic.uasset" 198
"C:/Users/keish/OneDrive/Documents/Games development/Git Projects/Client-brief/ClientBrief1/Content/Textures/Player_Model_2_initialShadingGroup_OcclusionRoughnessMetallic.uexp" 199
"C:/Users/keish/OneDrive/Documents/Games development/Git Projects/Client-brief/ClientBrief1/Content/Animations/Player_Model_2_initialShadingGroup_BaseColor.ubulk" 200
"C:/Users/keish/OneDrive/Documents/Games development/Git Projects/Client-brief/ClientBrief1/Content/Animations/Player_Model_2_initialShadingGroup_BaseColor.uasset" 201
"C:/Users/keish/OneDrive/Documents/Games development/Git Projects/Client-brief/ClientBrief1/Content/Animations/Player_Model_2_initialShadingGroup_BaseColor.uexp" 202
"C:/Users/keish/OneDrive/Documents/Games development/Git Projects/Client-brief/ClientBrief1/Content/Textures/Player_Model_2_initialShadingGroup_Normal.ubulk" 203
"C:/Users/keish/OneDrive/Documents/Games development/Git Projects/Client-brief/ClientBrief1/Content/Textures/Player_Model_2_initialShadingGroup_Normal.uasset" 204
"C:/Users/keish/OneDrive/Documents/Games development/Git Projects/Client-brief/ClientBrief1/Content/Textures/Player_Model_2_initialShadingGroup_Normal.uexp" 205
"C:/Users/keish/OneDrive/Documents/Games development/Git Projects/Client-brief/ClientBrief1/Content/Animations/MAT_Player_Dress.uasset" 206
"C:/Users/keish/OneDrive/Documents/Games development/Git Projects/Client-brief/ClientBrief1/Content/Animations/MAT_Player_Dress.uexp" 207
"C:/Users/keish/OneDrive/Documents/Games development/Git Projects/Client-brief/ClientBrief1/Content/Animations/Plz.uasset" 208
"C:/Users/keish/OneDrive/Documents/Games development/Git Projects/Client-brief/ClientBrief1/Content/Animations/Plz.uexp" 209
"C:/Users/keish/OneDrive/Documents/Games development/Git Projects/Client-brief/ClientBrief1/Content/ThirdPerson/Blueprints/BP_ThirdPersonCharacter.uasset" 210
"C:/Users/keish/OneDrive/Documents/Games development/Git Projects/Client-brief/ClientBrief1/Content/ThirdPerson/Blueprints/BP_ThirdPersonCharacter.uexp" 211
"C:/Users/keish/OneDrive/Documents/Games development/Git Projects/Client-brief/ClientBrief1/Content/ThirdPerson/Blueprints/BP_ThirdPersonGameMode.uasset" 212
"C:/Users/keish/OneDrive/Documents/Games development/Git Projects/Client-brief/ClientBrief1/Content/ThirdPerson/Blueprints/BP_ThirdPersonGameMode.uexp" 213
"../../../Engine/Content/EngineResources/FilmGrains/Marcie_Grain_v3_128_M2_000.uasset" 214
"../../../Engine/Content/EngineResources/FilmGrains/Marcie_Grain_v3_128_M2_000.uexp" 215
"../../../Engine/Content/EngineMaterials/LTC/Sheen_LTC.uasset" 216
"../../../Engine/Content/EngineMaterials/LTC/Sheen_LTC.uexp" 217
"../../../Engine/Content/EngineMaterials/LTC/GGX_LTCMat.uasset" 218
"../../../Engine/Content/EngineMaterials/LTC/GGX_LTCMat.uexp" 219
"../../../Engine/Content/EngineMaterials/LTC/GGX_LTCAmp.uasset" 220
"../../../Engine/Content/EngineMaterials/LTC/GGX_LTCAmp.uexp" 221
"../../../Engine/Content/EngineMaterials/EnergyConservation/Sheen_Energy.uasset" 222
"../../../Engine/Content/EngineMaterials/EnergyConservation/Sheen_Energy.uexp" 223
"../../../Engine/Content/EngineMaterials/EnergyConservation/SheenLegacy_Energy.uasset" 224
"../../../Engine/Content/EngineMaterials/EnergyConservation/SheenLegacy_Energy.uexp" 225
"../../../Engine/Content/EngineMaterials/EnergyConservation/GGX_TransmissionEnergyArray.uasset" 226
"../../../Engine/Content/EngineMaterials/EnergyConservation/GGX_TransmissionEnergyArray.uexp" 227
"../../../Engine/Content/EngineMaterials/EnergyConservation/GGX_ReflectionEnergy.uasset" 228
"../../../Engine/Content/EngineMaterials/EnergyConservation/GGX_ReflectionEnergy.uexp" 229
"../../../Engine/Content/EngineMaterials/EnergyConservation/Diffuse_Energy.uasset" 230
"../../../Engine/Content/EngineMaterials/EnergyConservation/Diffuse_Energy.uexp" 231
"../../../Engine/Content/EditorResources/SequenceRecorder/RecordingIndicator.uasset" 232
"../../../Engine/Content/EditorResources/SequenceRecorder/RecordingIndicator.uexp" 233
"../../../Engine/Content/EditorResources/SequenceRecorder/Countdown.uasset" 234
"../../../Engine/Content/EditorResources/SequenceRecorder/Countdown.uexp" 235
"../../../Engine/Content/EditorMaterials/ParticleSystems/PSysThumbnail_OOD.ubulk" 236
"../../../Engine/Content/EditorMaterials/ParticleSystems/PSysThumbnail_OOD.uasset" 237
"../../../Engine/Content/EditorMaterials/ParticleSystems/PSysThumbnail_OOD.uexp" 238
"../../../Engine/Content/EditorMaterials/ParticleSystems/PSysThumbnail_NoImage.ubulk" 239
"../../../Engine/Content/EditorMaterials/ParticleSystems/PSysThumbnail_NoImage.uasset" 240
"../../../Engine/Content/EditorMaterials/ParticleSystems/PSysThumbnail_NoImage.uexp" 241
<<<<<<< HEAD
<<<<<<< HEAD
>>>>>>> 2c9e8ed0d98f5279aca5a3703af2be7690b3cd9d
=======
>>>>>>> 2c9e8ed0d98f5279aca5a3703af2be7690b3cd9d
=======
>>>>>>> 2c9e8ed0d98f5279aca5a3703af2be7690b3cd9d
"../../../Engine/Content/EngineResources/DefaultTextureCube.uasset" 242
"../../../Engine/Content/EngineResources/DefaultTextureCube.uexp" 243
"../../../Engine/Content/EngineResources/DefaultVolumeTexture2D.uasset" 244
"../../../Engine/Content/EngineResources/DefaultVolumeTexture2D.uexp" 245
"../../../Engine/Content/EngineResources/DefaultVolumeTexture.uasset" 246
"../../../Engine/Content/EngineResources/DefaultVolumeTexture.uexp" 247
<<<<<<< HEAD
<<<<<<< HEAD
<<<<<<< HEAD
"../../../Engine/Content/EngineMeshes/Sphere.ubulk" 248
"../../../Engine/Content/EngineMeshes/Sphere.uasset" 249
"../../../Engine/Content/EngineMeshes/Sphere.uexp" 250
"../../../Engine/Plugins/Runtime/MeshModelingToolset/Content/Materials/M_DynamicMeshComponentVtxColor.uasset" 251
"../../../Engine/Plugins/Runtime/MeshModelingToolset/Content/Materials/M_DynamicMeshComponentVtxColor.uexp" 252
"../../../Engine/Plugins/Runtime/HairStrands/Content/Materials/HairMeshesDefaultMaterial.uasset" 253
"../../../Engine/Plugins/Runtime/HairStrands/Content/Materials/HairMeshesDefaultMaterial.uexp" 254
"../../../Engine/Plugins/Runtime/HairStrands/Content/Materials/HairDefaultMaterial.uasset" 255
"../../../Engine/Plugins/Runtime/HairStrands/Content/Materials/HairDefaultMaterial.uexp" 256
"../../../Engine/Plugins/Runtime/HairStrands/Content/Materials/HairGroupColors.uasset" 257
"../../../Engine/Plugins/Runtime/HairStrands/Content/Materials/HairGroupColors.uexp" 258
"../../../Engine/Content/Functions/Engine_MaterialFunctions02/Utility/MakeFloat2.uasset" 259
"../../../Engine/Content/Functions/Engine_MaterialFunctions02/Utility/MakeFloat2.uexp" 260
"../../../Engine/Content/Functions/Engine_MaterialFunctions02/Utility/MakeFloat3.uasset" 261
"../../../Engine/Content/Functions/Engine_MaterialFunctions02/Utility/MakeFloat3.uexp" 262
"../../../Engine/Content/EngineMaterials/HairColorMap.uasset" 263
"../../../Engine/Content/EngineMaterials/HairColorMap.uexp" 264
"../../../Engine/Content/EngineMaterials/HairDebugColor.uasset" 265
"../../../Engine/Content/EngineMaterials/HairDebugColor.uexp" 266
"../../../Engine/Plugins/Runtime/HairStrands/Content/Materials/HairDebugMaterial.uasset" 267
"../../../Engine/Plugins/Runtime/HairStrands/Content/Materials/HairDebugMaterial.uexp" 268
"../../../Engine/Plugins/Runtime/HairStrands/Content/Materials/HairCardsDefaultMaterial.uasset" 269
"../../../Engine/Plugins/Runtime/HairStrands/Content/Materials/HairCardsDefaultMaterial.uexp" 270
"../../../Engine/Content/Functions/Engine_MaterialFunctions02/Texturing/CustomRotator.uasset" 271
"../../../Engine/Content/Functions/Engine_MaterialFunctions02/Texturing/CustomRotator.uexp" 272
"../../../Engine/Content/Functions/Engine_MaterialFunctions02/Utility/BreakOutFloat2Components.uasset" 273
"../../../Engine/Content/Functions/Engine_MaterialFunctions02/Utility/BreakOutFloat2Components.uexp" 274
"../../../Engine/Content/Functions/Engine_MaterialFunctions01/Texturing/ScaleUVsByCenter.uasset" 275
"../../../Engine/Content/Functions/Engine_MaterialFunctions01/Texturing/ScaleUVsByCenter.uexp" 276
"../../../Engine/Plugins/Runtime/AudioWidgets/Content/AudioMaterialSlate/Functions/MF_SingleLine_Smooth.uasset" 277
"../../../Engine/Plugins/Runtime/AudioWidgets/Content/AudioMaterialSlate/Functions/MF_SingleLine_Smooth.uexp" 278
"../../../Engine/Plugins/Runtime/AudioWidgets/Content/AudioMaterialSlate/Functions/MF_AngleGradient.uasset" 279
"../../../Engine/Plugins/Runtime/AudioWidgets/Content/AudioMaterialSlate/Functions/MF_AngleGradient.uexp" 280
"../../../Engine/Plugins/Runtime/AudioWidgets/Content/AudioMaterialSlate/Functions/MF_SingleLine.uasset" 281
"../../../Engine/Plugins/Runtime/AudioWidgets/Content/AudioMaterialSlate/Functions/MF_SingleLine.uexp" 282
"../../../Engine/Content/Functions/Engine_MaterialFunctions01/Gradient/SphereGradient-2D.uasset" 283
"../../../Engine/Content/Functions/Engine_MaterialFunctions01/Gradient/SphereGradient-2D.uexp" 284
"../../../Engine/Plugins/Runtime/AudioWidgets/Content/AudioMaterialSlate/M_AudioMaterialToggleButton.uasset" 285
"../../../Engine/Plugins/Runtime/AudioWidgets/Content/AudioMaterialSlate/M_AudioMaterialToggleButton.uexp" 286
"../../../Engine/Plugins/Runtime/AudioWidgets/Content/AudioMaterialSlate/MI_AudioMaterialToggleButton.uasset" 287
"../../../Engine/Plugins/Runtime/AudioWidgets/Content/AudioMaterialSlate/MI_AudioMaterialToggleButton.uexp" 288
"../../../Engine/Content/Functions/Engine_MaterialFunctions02/Utility/VectorLength.uasset" 289
"../../../Engine/Content/Functions/Engine_MaterialFunctions02/Utility/VectorLength.uexp" 290
"../../../Engine/Content/Functions/Engine_MaterialFunctions01/Gradient/GeneratedRoundRect.uasset" 291
"../../../Engine/Content/Functions/Engine_MaterialFunctions01/Gradient/GeneratedRoundRect.uexp" 292
"../../../Engine/Plugins/Runtime/AudioWidgets/Content/AudioMaterialSlate/M_AudioMaterialRoundedSlider.uasset" 293
"../../../Engine/Plugins/Runtime/AudioWidgets/Content/AudioMaterialSlate/M_AudioMaterialRoundedSlider.uexp" 294
"../../../Engine/Plugins/Runtime/AudioWidgets/Content/AudioMaterialSlate/MI_AudioMaterialRoundedSlider.uasset" 295
"../../../Engine/Plugins/Runtime/AudioWidgets/Content/AudioMaterialSlate/MI_AudioMaterialRoundedSlider.uexp" 296
"../../../Engine/Plugins/Runtime/AudioWidgets/Content/AudioMaterialSlate/Functions/MF_Lines.uasset" 297
"../../../Engine/Plugins/Runtime/AudioWidgets/Content/AudioMaterialSlate/Functions/MF_Lines.uexp" 298
"../../../Engine/Content/Functions/Engine_MaterialFunctions02/Lerp_3Color.uasset" 299
"../../../Engine/Content/Functions/Engine_MaterialFunctions02/Lerp_3Color.uexp" 300
"../../../Engine/Plugins/Runtime/AudioWidgets/Content/AudioMaterialSlate/M_AudioMaterialMeter.uasset" 301
"../../../Engine/Plugins/Runtime/AudioWidgets/Content/AudioMaterialSlate/M_AudioMaterialMeter.uexp" 302
"../../../Engine/Plugins/Runtime/AudioWidgets/Content/AudioMaterialSlate/MI_AudioMaterialMeter.uasset" 303
"../../../Engine/Plugins/Runtime/AudioWidgets/Content/AudioMaterialSlate/MI_AudioMaterialMeter.uexp" 304
"../../../Engine/Plugins/Runtime/AudioWidgets/Content/AudioMaterialSlate/M_AudioMaterialKnob.uasset" 305
"../../../Engine/Plugins/Runtime/AudioWidgets/Content/AudioMaterialSlate/M_AudioMaterialKnob.uexp" 306
"../../../Engine/Plugins/Runtime/AudioWidgets/Content/AudioMaterialSlate/MI_AudioMaterialKnob.uasset" 307
"../../../Engine/Plugins/Runtime/AudioWidgets/Content/AudioMaterialSlate/MI_AudioMaterialKnob.uexp" 308
"../../../Engine/Plugins/Runtime/AudioWidgets/Content/AudioMaterialSlate/Functions/MF_DotOutlined.uasset" 309
"../../../Engine/Plugins/Runtime/AudioWidgets/Content/AudioMaterialSlate/Functions/MF_DotOutlined.uexp" 310
"../../../Engine/Plugins/Runtime/AudioWidgets/Content/AudioMaterialSlate/M_AudioMaterialEnvelope_ADSR.uasset" 311
"../../../Engine/Plugins/Runtime/AudioWidgets/Content/AudioMaterialSlate/M_AudioMaterialEnvelope_ADSR.uexp" 312
"../../../Engine/Plugins/Runtime/AudioWidgets/Content/AudioMaterialSlate/MI_AudioMaterialEnvelope_ADSR.uasset" 313
"../../../Engine/Plugins/Runtime/AudioWidgets/Content/AudioMaterialSlate/MI_AudioMaterialEnvelope_ADSR.uexp" 314
"../../../Engine/Plugins/NNE/NNEDenoiser/Content/NNEDTOM_Output_Default.uasset" 315
"../../../Engine/Plugins/NNE/NNEDenoiser/Content/NNEDTOM_Output_Default.uexp" 316
"../../../Engine/Plugins/NNE/NNEDenoiser/Content/NNEDTOM_Output_Alpha.uasset" 317
"../../../Engine/Plugins/NNE/NNEDenoiser/Content/NNEDTOM_Output_Alpha.uexp" 318
"../../../Engine/Plugins/NNE/NNEDenoiser/Content/NNEDTIM_ColorAlbedoNormal_Default.uasset" 319
"../../../Engine/Plugins/NNE/NNEDenoiser/Content/NNEDTIM_ColorAlbedoNormal_Default.uexp" 320
"../../../Engine/Plugins/NNE/NNEDenoiser/Content/NNEDTIM_ColorAlbedoNormal_Alpha.uasset" 321
"../../../Engine/Plugins/NNE/NNEDenoiser/Content/NNEDTIM_ColorAlbedoNormal_Alpha.uexp" 322
"../../../Engine/Plugins/NNE/NNEDenoiser/Content/NNEDOM_Output_Default.uasset" 323
"../../../Engine/Plugins/NNE/NNEDenoiser/Content/NNEDOM_Output_Default.uexp" 324
"../../../Engine/Plugins/NNE/NNEDenoiser/Content/NNEDOM_Output_Alpha.uasset" 325
"../../../Engine/Plugins/NNE/NNEDenoiser/Content/NNEDOM_Output_Alpha.uexp" 326
"../../../Engine/Plugins/NNE/NNEDenoiser/Content/NNEDIM_HighQuality_Default.uasset" 327
"../../../Engine/Plugins/NNE/NNEDenoiser/Content/NNEDIM_HighQuality_Default.uexp" 328
"../../../Engine/Plugins/NNE/NNEDenoiser/Content/NNEDIM_HighQuality_Alpha.uasset" 329
"../../../Engine/Plugins/NNE/NNEDenoiser/Content/NNEDIM_HighQuality_Alpha.uexp" 330
"../../../Engine/Plugins/NNE/NNEDenoiser/Content/NNEDIM_ColorAlbedoNormal_Default.uasset" 331
"../../../Engine/Plugins/NNE/NNEDenoiser/Content/NNEDIM_ColorAlbedoNormal_Default.uexp" 332
"../../../Engine/Plugins/NNE/NNEDenoiser/Content/NNEDIM_ColorAlbedoNormal_Alpha.uasset" 333
"../../../Engine/Plugins/NNE/NNEDenoiser/Content/NNEDIM_ColorAlbedoNormal_Alpha.uexp" 334
"../../../Engine/Content/EngineMaterials/T_Default_Material_Grid_M.ubulk" 335
"../../../Engine/Content/EngineMaterials/T_Default_Material_Grid_M.uasset" 336
"../../../Engine/Content/EngineMaterials/T_Default_Material_Grid_M.uexp" 337
"../../../Engine/Content/EngineMaterials/T_Default_Material_Grid_N.ubulk" 338
"../../../Engine/Content/EngineMaterials/T_Default_Material_Grid_N.uasset" 339
"../../../Engine/Content/EngineMaterials/T_Default_Material_Grid_N.uexp" 340
"../../../Engine/Content/Functions/Engine_MaterialFunctions01/Opacity/CameraDepthFade.uasset" 341
"../../../Engine/Content/Functions/Engine_MaterialFunctions01/Opacity/CameraDepthFade.uexp" 342
"../../../Engine/Content/EngineMaterials/WorldGridMaterial.uasset" 343
"../../../Engine/Content/EngineMaterials/WorldGridMaterial.uexp" 344
"../../../Engine/Plugins/Media/MediaPlate/Content/SM_MediaPlateScreen.ubulk" 345
"../../../Engine/Plugins/Media/MediaPlate/Content/SM_MediaPlateScreen.uasset" 346
"../../../Engine/Plugins/Media/MediaPlate/Content/SM_MediaPlateScreen.uexp" 347
"../../../Engine/Plugins/Interchange/Assets/Content/Functions/MX_UsdPreviewSurface.uasset" 348
"../../../Engine/Plugins/Interchange/Assets/Content/Functions/MX_UsdPreviewSurface.uexp" 349
"../../../Engine/Plugins/Interchange/Assets/Content/Functions/MX_UniformEDF.uasset" 350
"../../../Engine/Plugins/Interchange/Assets/Content/Functions/MX_UniformEDF.uexp" 351
"../../../Engine/Plugins/Interchange/Assets/Content/Functions/MX_TranslucentBSDF.uasset" 352
"../../../Engine/Plugins/Interchange/Assets/Content/Functions/MX_TranslucentBSDF.uexp" 353
"../../../Engine/Plugins/Interchange/Assets/Content/Functions/MX_ThinFilmBSDF.uasset" 354
"../../../Engine/Plugins/Interchange/Assets/Content/Functions/MX_ThinFilmBSDF.uexp" 355
"../../../Engine/Plugins/Interchange/Assets/Content/Functions/MX_SurfaceUnlit.uasset" 356
"../../../Engine/Plugins/Interchange/Assets/Content/Functions/MX_SurfaceUnlit.uexp" 357
"../../../Engine/Plugins/Interchange/Assets/Content/Functions/MX_Surface.uasset" 358
"../../../Engine/Plugins/Interchange/Assets/Content/Functions/MX_Surface.uexp" 359
"../../../Engine/Plugins/Interchange/Assets/Content/Functions/MX_SubsurfaceBSDF.uasset" 360
"../../../Engine/Plugins/Interchange/Assets/Content/Functions/MX_SubsurfaceBSDF.uexp" 361
"../../../Engine/Plugins/Interchange/Assets/Content/Functions/MX_SheenBSDF.uasset" 362
"../../../Engine/Plugins/Interchange/Assets/Content/Functions/MX_SheenBSDF.uexp" 363
"../../../Engine/Plugins/Interchange/Assets/Content/Functions/MX_OrenNayarBSDF.uasset" 364
"../../../Engine/Plugins/Interchange/Assets/Content/Functions/MX_OrenNayarBSDF.uexp" 365
"../../../Engine/Plugins/Interchange/Assets/Content/Utilities/New_LUT.uasset" 366
"../../../Engine/Plugins/Interchange/Assets/Content/Utilities/New_LUT.uexp" 367
"../../../Engine/Content/Functions/Engine_MaterialFunctions03/Math/RemapValueRange.uasset" 368
"../../../Engine/Content/Functions/Engine_MaterialFunctions03/Math/RemapValueRange.uexp" 369
"../../../Engine/Plugins/Interchange/Assets/Content/Functions/MF_Iridescence.uasset" 370
"../../../Engine/Plugins/Interchange/Assets/Content/Functions/MF_Iridescence.uexp" 371
"../../../Engine/Plugins/Interchange/Assets/Content/Functions/MX_StandardSurface.uasset" 372
"../../../Engine/Plugins/Interchange/Assets/Content/Functions/MX_StandardSurface.uexp" 373
"../../../Engine/Plugins/Interchange/Assets/Content/Functions/MX_TransmissionSurface.uasset" 374
"../../../Engine/Plugins/Interchange/Assets/Content/Functions/MX_TransmissionSurface.uexp" 375
"../../../Engine/Plugins/Interchange/Assets/Content/Functions/MX_OpenPBR_Translucent.uasset" 376
"../../../Engine/Plugins/Interchange/Assets/Content/Functions/MX_OpenPBR_Translucent.uexp" 377
"../../../Engine/Plugins/Interchange/Assets/Content/Functions/MX_OpenPBR_Opaque.uasset" 378
"../../../Engine/Plugins/Interchange/Assets/Content/Functions/MX_OpenPBR_Opaque.uexp" 379
"../../../Engine/Plugins/Interchange/Assets/Content/Functions/MX_MeasuredEDF.uasset" 380
"../../../Engine/Plugins/Interchange/Assets/Content/Functions/MX_MeasuredEDF.uexp" 381
"../../../Engine/Plugins/Interchange/Assets/Content/Functions/MX_GeneralizedSchlickBSDF.uasset" 382
"../../../Engine/Plugins/Interchange/Assets/Content/Functions/MX_GeneralizedSchlickBSDF.uexp" 383
"../../../Engine/Plugins/Interchange/Assets/Content/Functions/MX_DielectricBSDF.uasset" 384
"../../../Engine/Plugins/Interchange/Assets/Content/Functions/MX_DielectricBSDF.uexp" 385
"../../../Engine/Plugins/Interchange/Assets/Content/Functions/MX_ConicalEDF.uasset" 386
"../../../Engine/Plugins/Interchange/Assets/Content/Functions/MX_ConicalEDF.uexp" 387
"../../../Engine/Plugins/Interchange/Assets/Content/Functions/MX_ConductorBSDF.uasset" 388
"../../../Engine/Plugins/Interchange/Assets/Content/Functions/MX_ConductorBSDF.uexp" 389
"../../../Engine/Plugins/Interchange/Assets/Content/Functions/MX_BurleyDiffuseBSDF.uasset" 390
"../../../Engine/Plugins/Interchange/Assets/Content/Functions/MX_BurleyDiffuseBSDF.uexp" 391
"../../../Engine/Plugins/Interchange/Assets/Content/Functions/MX_AnisotropicVDF.uasset" 392
"../../../Engine/Plugins/Interchange/Assets/Content/Functions/MX_AnisotropicVDF.uexp" 393
"../../../Engine/Plugins/Interchange/Assets/Content/Functions/MX_AbsorptionVDF.uasset" 394
"../../../Engine/Plugins/Interchange/Assets/Content/Functions/MX_AbsorptionVDF.uexp" 395
"../../../Engine/Plugins/Editor/SpeedTreeImporter/Content/SpeedTree9/game_wind_noise.ubulk" 396
"../../../Engine/Plugins/Editor/SpeedTreeImporter/Content/SpeedTree9/game_wind_noise.uasset" 397
"../../../Engine/Plugins/Editor/SpeedTreeImporter/Content/SpeedTree9/game_wind_noise.uexp" 398
"../../../Engine/Plugins/Editor/SpeedTreeImporter/Content/SpeedTree9/UnpackDirection.uasset" 399
"../../../Engine/Plugins/Editor/SpeedTreeImporter/Content/SpeedTree9/UnpackDirection.uexp" 400
"../../../Engine/Content/Functions/Engine_MaterialFunctions02/ObjectLocalBounds.uasset" 401
"../../../Engine/Content/Functions/Engine_MaterialFunctions02/ObjectLocalBounds.uexp" 402
"../../../Engine/Content/Functions/Engine_MaterialFunctions02/Utility/BreakOutFloat3Components.uasset" 403
"../../../Engine/Content/Functions/Engine_MaterialFunctions02/Utility/BreakOutFloat3Components.uexp" 404
"../../../Engine/Content/Functions/Engine_MaterialFunctions02/UVs/BoundingBoxBased_0-1_UVW.uasset" 405
"../../../Engine/Content/Functions/Engine_MaterialFunctions02/UVs/BoundingBoxBased_0-1_UVW.uexp" 406
"../../../Engine/Plugins/Editor/SpeedTreeImporter/Content/SpeedTree9/UnpackInteger3.uasset" 407
"../../../Engine/Plugins/Editor/SpeedTreeImporter/Content/SpeedTree9/UnpackInteger3.uexp" 408
"../../../Engine/Plugins/Editor/SpeedTreeImporter/Content/SpeedTree9/SpeedTreeCameraFacing.uasset" 409
"../../../Engine/Plugins/Editor/SpeedTreeImporter/Content/SpeedTree9/SpeedTreeCameraFacing.uexp" 410
"../../../Engine/Content/Functions/Engine_MaterialFunctions02/WorldPositionOffset/ObjectScale.uasset" 411
"../../../Engine/Content/Functions/Engine_MaterialFunctions02/WorldPositionOffset/ObjectScale.uexp" 412
"../../../Engine/Content/Functions/Engine_MaterialFunctions02/SafeNormalize.uasset" 413
"../../../Engine/Content/Functions/Engine_MaterialFunctions02/SafeNormalize.uexp" 414
"../../../Engine/Plugins/Editor/SpeedTreeImporter/Content/SpeedTree9/SpeedTreeWindMotion.uasset" 415
"../../../Engine/Plugins/Editor/SpeedTreeImporter/Content/SpeedTree9/SpeedTreeWindMotion.uexp" 416
"../../../Engine/Plugins/Editor/SpeedTreeImporter/Content/SpeedTree9/SpeedTreeBranchMotion.uasset" 417
"../../../Engine/Plugins/Editor/SpeedTreeImporter/Content/SpeedTree9/SpeedTreeBranchMotion.uexp" 418
"../../../Engine/Plugins/Editor/SpeedTreeImporter/Content/SpeedTree9/SpeedTreeWind.uasset" 419
"../../../Engine/Plugins/Editor/SpeedTreeImporter/Content/SpeedTree9/SpeedTreeWind.uexp" 420
"../../../Engine/Plugins/Editor/SpeedTreeImporter/Content/SpeedTree9/EmptyNormal.uasset" 421
"../../../Engine/Plugins/Editor/SpeedTreeImporter/Content/SpeedTree9/EmptyNormal.uexp" 422
"../../../Engine/Plugins/Editor/SpeedTreeImporter/Content/SpeedTree9/Empty.uasset" 423
"../../../Engine/Plugins/Editor/SpeedTreeImporter/Content/SpeedTree9/Empty.uexp" 424
"../../../Engine/Plugins/Editor/SpeedTreeImporter/Content/SpeedTree9/SpeedTreeMaster.uasset" 425
"../../../Engine/Plugins/Editor/SpeedTreeImporter/Content/SpeedTree9/SpeedTreeMaster.uexp" 426
"../../../Engine/Plugins/Editor/SpeedTreeImporter/Content/SpeedTree9/SpeedTreeBillboard.uasset" 427
"../../../Engine/Plugins/Editor/SpeedTreeImporter/Content/SpeedTree9/SpeedTreeBillboard.uexp" 428
"../../../Engine/Plugins/Editor/SpeedTreeImporter/Content/SpeedTree9/SpeedTreeBillboardMaster.uasset" 429
"../../../Engine/Plugins/Editor/SpeedTreeImporter/Content/SpeedTree9/SpeedTreeBillboardMaster.uexp" 430
"../../../Engine/Content/Functions/Engine_MaterialFunctions02/WorldPositionOffset/CameraOffset.uasset" 431
"../../../Engine/Content/Functions/Engine_MaterialFunctions02/WorldPositionOffset/CameraOffset.uexp" 432
"../../../Engine/Plugins/Animation/ControlRig/Content/M_Manip.uasset" 433
"../../../Engine/Plugins/Animation/ControlRig/Content/M_Manip.uexp" 434
"../../../Engine/Plugins/Animation/ControlRig/Content/Controls/ControlRig_Wedge_solid.ubulk" 435
"../../../Engine/Plugins/Animation/ControlRig/Content/Controls/ControlRig_Wedge_solid.uasset" 436
"../../../Engine/Plugins/Animation/ControlRig/Content/Controls/ControlRig_Wedge_solid.uexp" 437
"../../../Engine/Plugins/Animation/ControlRig/Content/Controls/ControlRig_Wedge_3mm.ubulk" 438
"../../../Engine/Plugins/Animation/ControlRig/Content/Controls/ControlRig_Wedge_3mm.uasset" 439
"../../../Engine/Plugins/Animation/ControlRig/Content/Controls/ControlRig_Wedge_3mm.uexp" 440
"../../../Engine/Plugins/Animation/ControlRig/Content/Controls/ControlRig_Wedge_1mm.ubulk" 441
"../../../Engine/Plugins/Animation/ControlRig/Content/Controls/ControlRig_Wedge_1mm.uasset" 442
"../../../Engine/Plugins/Animation/ControlRig/Content/Controls/ControlRig_Wedge_1mm.uexp" 443
"../../../Engine/Plugins/Animation/ControlRig/Content/Controls/ControlRig_Triangle_solid.ubulk" 444
"../../../Engine/Plugins/Animation/ControlRig/Content/Controls/ControlRig_Triangle_solid.uasset" 445
"../../../Engine/Plugins/Animation/ControlRig/Content/Controls/ControlRig_Triangle_solid.uexp" 446
"../../../Engine/Plugins/Animation/ControlRig/Content/Controls/ControlRig_Triangle_3mm.ubulk" 447
"../../../Engine/Plugins/Animation/ControlRig/Content/Controls/ControlRig_Triangle_3mm.uasset" 448
"../../../Engine/Plugins/Animation/ControlRig/Content/Controls/ControlRig_Triangle_3mm.uexp" 449
"../../../Engine/Plugins/Animation/ControlRig/Content/Controls/ControlRig_Triangle_1mm.ubulk" 450
"../../../Engine/Plugins/Animation/ControlRig/Content/Controls/ControlRig_Triangle_1mm.uasset" 451
"../../../Engine/Plugins/Animation/ControlRig/Content/Controls/ControlRig_Triangle_1mm.uexp" 452
"../../../Engine/Plugins/Animation/ControlRig/Content/Controls/ControlRig_Star4_solid.ubulk" 453
"../../../Engine/Plugins/Animation/ControlRig/Content/Controls/ControlRig_Star4_solid.uasset" 454
"../../../Engine/Plugins/Animation/ControlRig/Content/Controls/ControlRig_Star4_solid.uexp" 455
"../../../Engine/Plugins/Animation/ControlRig/Content/Controls/ControlRig_Star4_3mm.ubulk" 456
"../../../Engine/Plugins/Animation/ControlRig/Content/Controls/ControlRig_Star4_3mm.uasset" 457
"../../../Engine/Plugins/Animation/ControlRig/Content/Controls/ControlRig_Star4_3mm.uexp" 458
"../../../Engine/Plugins/Animation/ControlRig/Content/Controls/ControlRig_Star4_1mm.ubulk" 459
"../../../Engine/Plugins/Animation/ControlRig/Content/Controls/ControlRig_Star4_1mm.uasset" 460
"../../../Engine/Plugins/Animation/ControlRig/Content/Controls/ControlRig_Star4_1mm.uexp" 461
"../../../Engine/Plugins/Animation/ControlRig/Content/Controls/ControlRig_Square_solid.ubulk" 462
"../../../Engine/Plugins/Animation/ControlRig/Content/Controls/ControlRig_Square_solid.uasset" 463
"../../../Engine/Plugins/Animation/ControlRig/Content/Controls/ControlRig_Square_solid.uexp" 464
"../../../Engine/Plugins/Animation/ControlRig/Content/Controls/ControlRig_Square_3mm.ubulk" 465
"../../../Engine/Plugins/Animation/ControlRig/Content/Controls/ControlRig_Square_3mm.uasset" 466
"../../../Engine/Plugins/Animation/ControlRig/Content/Controls/ControlRig_Square_3mm.uexp" 467
"../../../Engine/Plugins/Animation/ControlRig/Content/Controls/ControlRig_Square_1mm.ubulk" 468
"../../../Engine/Plugins/Animation/ControlRig/Content/Controls/ControlRig_Square_1mm.uasset" 469
"../../../Engine/Plugins/Animation/ControlRig/Content/Controls/ControlRig_Square_1mm.uexp" 470
"../../../Engine/Plugins/Animation/ControlRig/Content/Controls/ControlRig_Sphere_solid.ubulk" 471
"../../../Engine/Plugins/Animation/ControlRig/Content/Controls/ControlRig_Sphere_solid.uasset" 472
"../../../Engine/Plugins/Animation/ControlRig/Content/Controls/ControlRig_Sphere_solid.uexp" 473
"../../../Engine/Plugins/Animation/ControlRig/Content/Controls/ControlRig_Sphere_3mm.ubulk" 474
"../../../Engine/Plugins/Animation/ControlRig/Content/Controls/ControlRig_Sphere_3mm.uasset" 475
"../../../Engine/Plugins/Animation/ControlRig/Content/Controls/ControlRig_Sphere_3mm.uexp" 476
"../../../Engine/Plugins/Animation/ControlRig/Content/Controls/ControlRig_Sphere_1mm.ubulk" 477
"../../../Engine/Plugins/Animation/ControlRig/Content/Controls/ControlRig_Sphere_1mm.uasset" 478
"../../../Engine/Plugins/Animation/ControlRig/Content/Controls/ControlRig_Sphere_1mm.uexp" 479
"../../../Engine/Plugins/Animation/ControlRig/Content/Controls/ControlRig_RoundedTriangle_solid.ubulk" 480
"../../../Engine/Plugins/Animation/ControlRig/Content/Controls/ControlRig_RoundedTriangle_solid.uasset" 481
"../../../Engine/Plugins/Animation/ControlRig/Content/Controls/ControlRig_RoundedTriangle_solid.uexp" 482
"../../../Engine/Plugins/Animation/ControlRig/Content/Controls/ControlRig_RoundedTriangle_3mm.ubulk" 483
"../../../Engine/Plugins/Animation/ControlRig/Content/Controls/ControlRig_RoundedTriangle_3mm.uasset" 484
"../../../Engine/Plugins/Animation/ControlRig/Content/Controls/ControlRig_RoundedTriangle_3mm.uexp" 485
"../../../Engine/Plugins/Animation/ControlRig/Content/Controls/ControlRig_RoundedTriangle_1mm.ubulk" 486
"../../../Engine/Plugins/Animation/ControlRig/Content/Controls/ControlRig_RoundedTriangle_1mm.uasset" 487
"../../../Engine/Plugins/Animation/ControlRig/Content/Controls/ControlRig_RoundedTriangle_1mm.uexp" 488
"../../../Engine/Plugins/Animation/ControlRig/Content/Controls/ControlRig_RoundedSquare_solid.ubulk" 489
"../../../Engine/Plugins/Animation/ControlRig/Content/Controls/ControlRig_RoundedSquare_solid.uasset" 490
"../../../Engine/Plugins/Animation/ControlRig/Content/Controls/ControlRig_RoundedSquare_solid.uexp" 491
"../../../Engine/Plugins/Animation/ControlRig/Content/Controls/ControlRig_RoundedSquare_3mm.ubulk" 492
"../../../Engine/Plugins/Animation/ControlRig/Content/Controls/ControlRig_RoundedSquare_3mm.uasset" 493
"../../../Engine/Plugins/Animation/ControlRig/Content/Controls/ControlRig_RoundedSquare_3mm.uexp" 494
"../../../Engine/Plugins/Animation/ControlRig/Content/Controls/ControlRig_RoundedSquare_1mm.ubulk" 495
"../../../Engine/Plugins/Animation/ControlRig/Content/Controls/ControlRig_RoundedSquare_1mm.uasset" 496
"../../../Engine/Plugins/Animation/ControlRig/Content/Controls/ControlRig_RoundedSquare_1mm.uexp" 497
"../../../Engine/Plugins/Animation/ControlRig/Content/Controls/ControlRig_QuarterCircle_solid.ubulk" 498
"../../../Engine/Plugins/Animation/ControlRig/Content/Controls/ControlRig_QuarterCircle_solid.uasset" 499
"../../../Engine/Plugins/Animation/ControlRig/Content/Controls/ControlRig_QuarterCircle_solid.uexp" 500
"../../../Engine/Plugins/Animation/ControlRig/Content/Controls/ControlRig_QuarterCircle_3mm.ubulk" 501
"../../../Engine/Plugins/Animation/ControlRig/Content/Controls/ControlRig_QuarterCircle_3mm.uasset" 502
"../../../Engine/Plugins/Animation/ControlRig/Content/Controls/ControlRig_QuarterCircle_3mm.uexp" 503
"../../../Engine/Plugins/Animation/ControlRig/Content/Controls/ControlRig_QuarterCircle_1mm.ubulk" 504
"../../../Engine/Plugins/Animation/ControlRig/Content/Controls/ControlRig_QuarterCircle_1mm.uasset" 505
"../../../Engine/Plugins/Animation/ControlRig/Content/Controls/ControlRig_QuarterCircle_1mm.uexp" 506
"../../../Engine/Plugins/Animation/ControlRig/Content/Controls/ControlRig_Pyramid_solid.ubulk" 507
"../../../Engine/Plugins/Animation/ControlRig/Content/Controls/ControlRig_Pyramid_solid.uasset" 508
"../../../Engine/Plugins/Animation/ControlRig/Content/Controls/ControlRig_Pyramid_solid.uexp" 509
"../../../Engine/Plugins/Animation/ControlRig/Content/Controls/ControlRig_Pyramid_3mm.ubulk" 510
"../../../Engine/Plugins/Animation/ControlRig/Content/Controls/ControlRig_Pyramid_3mm.uasset" 511
"../../../Engine/Plugins/Animation/ControlRig/Content/Controls/ControlRig_Pyramid_3mm.uexp" 512
"../../../Engine/Plugins/Animation/ControlRig/Content/Controls/ControlRig_Pyramid_1mm.ubulk" 513
"../../../Engine/Plugins/Animation/ControlRig/Content/Controls/ControlRig_Pyramid_1mm.uasset" 514
"../../../Engine/Plugins/Animation/ControlRig/Content/Controls/ControlRig_Pyramid_1mm.uexp" 515
"../../../Engine/Plugins/Animation/ControlRig/Content/Controls/ControlRig_Octagon_solid.ubulk" 516
"../../../Engine/Plugins/Animation/ControlRig/Content/Controls/ControlRig_Octagon_solid.uasset" 517
"../../../Engine/Plugins/Animation/ControlRig/Content/Controls/ControlRig_Octagon_solid.uexp" 518
"../../../Engine/Plugins/Animation/ControlRig/Content/Controls/ControlRig_Octagon_3mm.ubulk" 519
"../../../Engine/Plugins/Animation/ControlRig/Content/Controls/ControlRig_Octagon_3mm.uasset" 520
"../../../Engine/Plugins/Animation/ControlRig/Content/Controls/ControlRig_Octagon_3mm.uexp" 521
"../../../Engine/Plugins/Animation/ControlRig/Content/Controls/ControlRig_Octagon_1mm.ubulk" 522
"../../../Engine/Plugins/Animation/ControlRig/Content/Controls/ControlRig_Octagon_1mm.uasset" 523
"../../../Engine/Plugins/Animation/ControlRig/Content/Controls/ControlRig_Octagon_1mm.uexp" 524
"../../../Engine/Plugins/Animation/ControlRig/Content/Controls/ControlRig_Hexagon_solid.ubulk" 525
"../../../Engine/Plugins/Animation/ControlRig/Content/Controls/ControlRig_Hexagon_solid.uasset" 526
"../../../Engine/Plugins/Animation/ControlRig/Content/Controls/ControlRig_Hexagon_solid.uexp" 527
"../../../Engine/Plugins/Animation/ControlRig/Content/Controls/ControlRig_Hexagon_3mm.ubulk" 528
"../../../Engine/Plugins/Animation/ControlRig/Content/Controls/ControlRig_Hexagon_3mm.uasset" 529
"../../../Engine/Plugins/Animation/ControlRig/Content/Controls/ControlRig_Hexagon_3mm.uexp" 530
"../../../Engine/Plugins/Animation/ControlRig/Content/Controls/ControlRig_Hexagon_1mm.ubulk" 531
"../../../Engine/Plugins/Animation/ControlRig/Content/Controls/ControlRig_Hexagon_1mm.uasset" 532
"../../../Engine/Plugins/Animation/ControlRig/Content/Controls/ControlRig_Hexagon_1mm.uexp" 533
"../../../Engine/Plugins/Animation/ControlRig/Content/Controls/ControlRig_HalfCircle_solid.ubulk" 534
"../../../Engine/Plugins/Animation/ControlRig/Content/Controls/ControlRig_HalfCircle_solid.uasset" 535
"../../../Engine/Plugins/Animation/ControlRig/Content/Controls/ControlRig_HalfCircle_solid.uexp" 536
"../../../Engine/Plugins/Animation/ControlRig/Content/Controls/ControlRig_HalfCircle_3mm.ubulk" 537
"../../../Engine/Plugins/Animation/ControlRig/Content/Controls/ControlRig_HalfCircle_3mm.uasset" 538
"../../../Engine/Plugins/Animation/ControlRig/Content/Controls/ControlRig_HalfCircle_3mm.uexp" 539
"../../../Engine/Plugins/Animation/ControlRig/Content/Controls/ControlRig_HalfCircle_1mm.ubulk" 540
"../../../Engine/Plugins/Animation/ControlRig/Content/Controls/ControlRig_HalfCircle_1mm.uasset" 541
"../../../Engine/Plugins/Animation/ControlRig/Content/Controls/ControlRig_HalfCircle_1mm.uexp" 542
"../../../Engine/Plugins/Animation/ControlRig/Content/Controls/ControlRig_Diamond_solid.ubulk" 543
"../../../Engine/Plugins/Animation/ControlRig/Content/Controls/ControlRig_Diamond_solid.uasset" 544
"../../../Engine/Plugins/Animation/ControlRig/Content/Controls/ControlRig_Diamond_solid.uexp" 545
"../../../Engine/Plugins/Animation/ControlRig/Content/Controls/ControlRig_Diamond_3mm.ubulk" 546
"../../../Engine/Plugins/Animation/ControlRig/Content/Controls/ControlRig_Diamond_3mm.uasset" 547
"../../../Engine/Plugins/Animation/ControlRig/Content/Controls/ControlRig_Diamond_3mm.uexp" 548
"../../../Engine/Plugins/Animation/ControlRig/Content/Controls/ControlRig_Diamond_1mm.ubulk" 549
"../../../Engine/Plugins/Animation/ControlRig/Content/Controls/ControlRig_Diamond_1mm.uasset" 550
"../../../Engine/Plugins/Animation/ControlRig/Content/Controls/ControlRig_Diamond_1mm.uexp" 551
"../../../Engine/Plugins/Animation/ControlRig/Content/Controls/ControlRig_Circle_solid.ubulk" 552
"../../../Engine/Plugins/Animation/ControlRig/Content/Controls/ControlRig_Circle_solid.uasset" 553
"../../../Engine/Plugins/Animation/ControlRig/Content/Controls/ControlRig_Circle_solid.uexp" 554
"../../../Engine/Plugins/Animation/ControlRig/Content/Controls/ControlRig_Circle_3mm.ubulk" 555
"../../../Engine/Plugins/Animation/ControlRig/Content/Controls/ControlRig_Circle_3mm.uasset" 556
"../../../Engine/Plugins/Animation/ControlRig/Content/Controls/ControlRig_Circle_3mm.uexp" 557
"../../../Engine/Plugins/Animation/ControlRig/Content/Controls/ControlRig_Circle_1mm.ubulk" 558
"../../../Engine/Plugins/Animation/ControlRig/Content/Controls/ControlRig_Circle_1mm.uasset" 559
"../../../Engine/Plugins/Animation/ControlRig/Content/Controls/ControlRig_Circle_1mm.uexp" 560
"../../../Engine/Plugins/Animation/ControlRig/Content/Controls/ControlRig_Box_solid.ubulk" 561
"../../../Engine/Plugins/Animation/ControlRig/Content/Controls/ControlRig_Box_solid.uasset" 562
"../../../Engine/Plugins/Animation/ControlRig/Content/Controls/ControlRig_Box_solid.uexp" 563
"../../../Engine/Plugins/Animation/ControlRig/Content/Controls/ControlRig_Box_3mm.ubulk" 564
"../../../Engine/Plugins/Animation/ControlRig/Content/Controls/ControlRig_Box_3mm.uasset" 565
"../../../Engine/Plugins/Animation/ControlRig/Content/Controls/ControlRig_Box_3mm.uexp" 566
"../../../Engine/Plugins/Animation/ControlRig/Content/Controls/ControlRig_Box_1mm.ubulk" 567
"../../../Engine/Plugins/Animation/ControlRig/Content/Controls/ControlRig_Box_1mm.uasset" 568
"../../../Engine/Plugins/Animation/ControlRig/Content/Controls/ControlRig_Box_1mm.uexp" 569
"../../../Engine/Plugins/Animation/ControlRig/Content/Controls/ControlRig_Arrow_solid.ubulk" 570
"../../../Engine/Plugins/Animation/ControlRig/Content/Controls/ControlRig_Arrow_solid.uasset" 571
"../../../Engine/Plugins/Animation/ControlRig/Content/Controls/ControlRig_Arrow_solid.uexp" 572
"../../../Engine/Plugins/Animation/ControlRig/Content/Controls/ControlRig_Arrow_3mm.ubulk" 573
"../../../Engine/Plugins/Animation/ControlRig/Content/Controls/ControlRig_Arrow_3mm.uasset" 574
"../../../Engine/Plugins/Animation/ControlRig/Content/Controls/ControlRig_Arrow_3mm.uexp" 575
"../../../Engine/Plugins/Animation/ControlRig/Content/Controls/ControlRig_Arrow_1mm.ubulk" 576
"../../../Engine/Plugins/Animation/ControlRig/Content/Controls/ControlRig_Arrow_1mm.uasset" 577
"../../../Engine/Plugins/Animation/ControlRig/Content/Controls/ControlRig_Arrow_1mm.uexp" 578
"../../../Engine/Plugins/Animation/ControlRig/Content/Controls/ControlRig_Arrow4_solid.ubulk" 579
"../../../Engine/Plugins/Animation/ControlRig/Content/Controls/ControlRig_Arrow4_solid.uasset" 580
"../../../Engine/Plugins/Animation/ControlRig/Content/Controls/ControlRig_Arrow4_solid.uexp" 581
"../../../Engine/Plugins/Animation/ControlRig/Content/Controls/ControlRig_Arrow4_3mm.ubulk" 582
"../../../Engine/Plugins/Animation/ControlRig/Content/Controls/ControlRig_Arrow4_3mm.uasset" 583
"../../../Engine/Plugins/Animation/ControlRig/Content/Controls/ControlRig_Arrow4_3mm.uexp" 584
"../../../Engine/Plugins/Animation/ControlRig/Content/Controls/ControlRig_Arrow4_1mm.ubulk" 585
"../../../Engine/Plugins/Animation/ControlRig/Content/Controls/ControlRig_Arrow4_1mm.uasset" 586
"../../../Engine/Plugins/Animation/ControlRig/Content/Controls/ControlRig_Arrow4_1mm.uexp" 587
"../../../Engine/Plugins/Animation/ControlRig/Content/Controls/ControlRig_Arrow2_solid.ubulk" 588
"../../../Engine/Plugins/Animation/ControlRig/Content/Controls/ControlRig_Arrow2_solid.uasset" 589
"../../../Engine/Plugins/Animation/ControlRig/Content/Controls/ControlRig_Arrow2_solid.uexp" 590
"../../../Engine/Plugins/Animation/ControlRig/Content/Controls/ControlRig_Arrow2_3mm.ubulk" 591
"../../../Engine/Plugins/Animation/ControlRig/Content/Controls/ControlRig_Arrow2_3mm.uasset" 592
"../../../Engine/Plugins/Animation/ControlRig/Content/Controls/ControlRig_Arrow2_3mm.uexp" 593
"../../../Engine/Plugins/Animation/ControlRig/Content/Controls/ControlRig_Arrow2_1mm.ubulk" 594
"../../../Engine/Plugins/Animation/ControlRig/Content/Controls/ControlRig_Arrow2_1mm.uasset" 595
"../../../Engine/Plugins/Animation/ControlRig/Content/Controls/ControlRig_Arrow2_1mm.uexp" 596
"../../../Engine/Plugins/Animation/ControlRig/Content/Controls/ControlRigXRayMaterial.uasset" 597
"../../../Engine/Plugins/Animation/ControlRig/Content/Controls/ControlRigXRayMaterial.uexp" 598
"../../../Engine/Plugins/Animation/ControlRig/Content/Controls/ControlRigGizmoMaterial.uasset" 599
"../../../Engine/Plugins/Animation/ControlRig/Content/Controls/ControlRigGizmoMaterial.uexp" 600
"../../../Engine/Plugins/2D/Paper2D/Content/DefaultSpriteMaterial.uasset" 601
"../../../Engine/Plugins/2D/Paper2D/Content/DefaultSpriteMaterial.uexp" 602
"../../../Engine/Plugins/2D/Paper2D/Content/OpaqueUnlitSpriteMaterial.uasset" 603
"../../../Engine/Plugins/2D/Paper2D/Content/OpaqueUnlitSpriteMaterial.uexp" 604
"../../../Engine/Plugins/2D/Paper2D/Content/MaskedUnlitSpriteMaterial.uasset" 605
"../../../Engine/Plugins/2D/Paper2D/Content/MaskedUnlitSpriteMaterial.uexp" 606
"../../../Engine/Content/EngineResources/WhiteSquareTexture.uasset" 607
"../../../Engine/Content/EngineResources/WhiteSquareTexture.uexp" 608
"../../../Engine/Content/EngineMaterials/Widget3DPassThrough.uasset" 609
"../../../Engine/Content/EngineMaterials/Widget3DPassThrough.uexp" 610
"../../../Engine/Content/EngineMaterials/Widget3DPassThrough_Translucent.uasset" 611
"../../../Engine/Content/EngineMaterials/Widget3DPassThrough_Translucent.uexp" 612
"../../../Engine/Content/EngineMaterials/Widget3DPassThrough_Translucent_OneSided.uasset" 613
"../../../Engine/Content/EngineMaterials/Widget3DPassThrough_Translucent_OneSided.uexp" 614
"../../../Engine/Content/EngineMaterials/Widget3DPassThrough_Opaque.uasset" 615
"../../../Engine/Content/EngineMaterials/Widget3DPassThrough_Opaque.uexp" 616
"../../../Engine/Content/EngineMaterials/Widget3DPassThrough_Opaque_OneSided.uasset" 617
"../../../Engine/Content/EngineMaterials/Widget3DPassThrough_Opaque_OneSided.uexp" 618
"../../../Engine/Content/EngineMaterials/Widget3DPassThrough_Masked_OneSided.uasset" 619
"../../../Engine/Content/EngineMaterials/Widget3DPassThrough_Masked_OneSided.uexp" 620
"../../../Engine/Content/EngineMaterials/Widget3DPassThrough_Masked.uasset" 621
"../../../Engine/Content/EngineMaterials/Widget3DPassThrough_Masked.uexp" 622
"../../../Engine/Content/EngineMaterials/WeightMapPlaceholderTexture.uasset" 623
"../../../Engine/Content/EngineMaterials/WeightMapPlaceholderTexture.uexp" 624
"../../../Engine/Content/EngineMaterials/WeightMapArrayPlaceholderTexture.uasset" 625
"../../../Engine/Content/EngineMaterials/WeightMapArrayPlaceholderTexture.uexp" 626
"../../../Engine/Content/EngineMaterials/RemoveSurfaceMaterial.uasset" 627
"../../../Engine/Content/EngineMaterials/RemoveSurfaceMaterial.uexp" 628
"../../../Engine/Content/EngineMaterials/DefaultCalibrationGrayscale.uasset" 629
"../../../Engine/Content/EngineMaterials/DefaultCalibrationGrayscale.uexp" 630
"../../../Engine/Content/EngineMaterials/PPM_DefaultCalibrationGrayscale.uasset" 631
"../../../Engine/Content/EngineMaterials/PPM_DefaultCalibrationGrayscale.uexp" 632
"../../../Engine/Content/EngineMaterials/DefaultCalibrationColor.uasset" 633
"../../../Engine/Content/EngineMaterials/DefaultCalibrationColor.uexp" 634
"../../../Engine/Content/EngineMaterials/PPM_DefaultCalibrationColor.uasset" 635
"../../../Engine/Content/EngineMaterials/PPM_DefaultCalibrationColor.uexp" 636
"../../../Engine/Content/EngineMaterials/PhAT_JointLimitMaterial.uasset" 637
"../../../Engine/Content/EngineMaterials/PhAT_JointLimitMaterial.uexp" 638
"../../../Engine/Content/EngineMaterials/NaniteHiddenSectionMaterial.uasset" 639
"../../../Engine/Content/EngineMaterials/NaniteHiddenSectionMaterial.uexp" 640
"../../../Engine/Content/EngineMaterials/InvalidLightmapSettings.ubulk" 641
"../../../Engine/Content/EngineMaterials/InvalidLightmapSettings.uasset" 642
"../../../Engine/Content/EngineMaterials/InvalidLightmapSettings.uexp" 643
"../../../Engine/Content/EngineMaterials/M_InvalidLightmapSettings.uasset" 644
"../../../Engine/Content/EngineMaterials/M_InvalidLightmapSettings.uexp" 645
"../../../Engine/Content/EngineMaterials/GizmoMaterial.uasset" 646
"../../../Engine/Content/EngineMaterials/GizmoMaterial.uexp" 647
"../../../Engine/Content/EngineMaterials/BaseFlattenEmissiveMap_VT.uasset" 648
"../../../Engine/Content/EngineMaterials/BaseFlattenEmissiveMap_VT.uexp" 649
"../../../Engine/Content/EngineMaterials/BaseFlattenGrayscaleMap_VT.uasset" 650
"../../../Engine/Content/EngineMaterials/BaseFlattenGrayscaleMap_VT.uexp" 651
"../../../Engine/Content/EngineMaterials/BaseFlattenLinearColor_VT.uasset" 652
"../../../Engine/Content/EngineMaterials/BaseFlattenLinearColor_VT.uexp" 653
"../../../Engine/Content/EngineMaterials/Black_1x1_EXR_Texture_VT.uasset" 654
"../../../Engine/Content/EngineMaterials/Black_1x1_EXR_Texture_VT.uexp" 655
"../../../Engine/Content/EngineMaterials/BaseFlattenDiffuseMap_VT.uasset" 656
"../../../Engine/Content/EngineMaterials/BaseFlattenDiffuseMap_VT.uexp" 657
"../../../Engine/Content/EngineMaterials/BaseFlattenNormalMap_VT.uasset" 658
"../../../Engine/Content/EngineMaterials/BaseFlattenNormalMap_VT.uexp" 659
"../../../Engine/Content/EngineMaterials/FlattenMaterial_WS_Normal_VT.uasset" 660
"../../../Engine/Content/EngineMaterials/FlattenMaterial_WS_Normal_VT.uexp" 661
"../../../Engine/Content/EngineMaterials/FlattenMaterial_VT.uasset" 662
"../../../Engine/Content/EngineMaterials/FlattenMaterial_VT.uexp" 663
"../../../Engine/Content/EngineMaterials/BaseFlattenNormalMap.uasset" 664
"../../../Engine/Content/EngineMaterials/BaseFlattenNormalMap.uexp" 665
"../../../Engine/Content/EngineMaterials/BaseFlattenGrayscaleMap.uasset" 666
"../../../Engine/Content/EngineMaterials/BaseFlattenGrayscaleMap.uexp" 667
"../../../Engine/Content/EngineMaterials/BaseFlattenDiffuseMap.uasset" 668
"../../../Engine/Content/EngineMaterials/BaseFlattenDiffuseMap.uexp" 669
"../../../Engine/Content/Functions/Engine_MaterialFunctions02/PivotPainter2/Black_1x1_EXR_Texture.uasset" 670
"../../../Engine/Content/Functions/Engine_MaterialFunctions02/PivotPainter2/Black_1x1_EXR_Texture.uexp" 671
"../../../Engine/Content/EngineMaterials/BaseFlattenEmissiveMap.uasset" 672
"../../../Engine/Content/EngineMaterials/BaseFlattenEmissiveMap.uexp" 673
"../../../Engine/Content/EngineMaterials/BaseFlattenLinearColor.uasset" 674
"../../../Engine/Content/EngineMaterials/BaseFlattenLinearColor.uexp" 675
"../../../Engine/Content/EngineMaterials/FlattenMaterial.uasset" 676
"../../../Engine/Content/EngineMaterials/FlattenMaterial.uexp" 677
"../../../Engine/Content/EngineMaterials/DefaultWhiteGrid_Low.uasset" 678
"../../../Engine/Content/EngineMaterials/DefaultWhiteGrid_Low.uexp" 679
"../../../Engine/Content/EngineMaterials/EmissiveMeshMaterial.uasset" 680
"../../../Engine/Content/EngineMaterials/EmissiveMeshMaterial.uexp" 681
"../../../Engine/Content/EngineFonts/RobotoDistanceField.uasset" 682
"../../../Engine/Content/EngineFonts/RobotoDistanceField.uexp" 683
"../../../Engine/Content/EngineMaterials/DefaultTextMaterialOpaque.uasset" 684
"../../../Engine/Content/EngineMaterials/DefaultTextMaterialOpaque.uexp" 685
"../../../Engine/Content/EngineMaterials/DefaultDiffuse.ubulk" 686
"../../../Engine/Content/EngineMaterials/DefaultDiffuse.uasset" 687
"../../../Engine/Content/EngineMaterials/DefaultDiffuse.uexp" 688
"../../../Engine/Content/EngineMaterials/DefaultPostProcessMaterial.uasset" 689
"../../../Engine/Content/EngineMaterials/DefaultPostProcessMaterial.uexp" 690
"../../../Engine/Content/EngineMaterials/DefaultLightFunctionMaterial.uasset" 691
"../../../Engine/Content/EngineMaterials/DefaultLightFunctionMaterial.uexp" 692
"../../../Engine/Content/EngineMaterials/DefaultDeferredDecalMaterial.uasset" 693
"../../../Engine/Content/EngineMaterials/DefaultDeferredDecalMaterial.uexp" 694
"../../../Engine/Content/Functions/Engine_MaterialFunctions02/Utility/CameraDirectionVector.uasset" 695
"../../../Engine/Content/Functions/Engine_MaterialFunctions02/Utility/CameraDirectionVector.uexp" 696
"../../../Engine/Content/EngineDebugMaterials/VolumeToRender.uasset" 697
"../../../Engine/Content/EngineDebugMaterials/VolumeToRender.uexp" 698
"../../../Engine/Content/EngineDebugMaterials/M_VolumeRenderSphereTracePP.uasset" 699
"../../../Engine/Content/EngineDebugMaterials/M_VolumeRenderSphereTracePP.uexp" 700
"../../../Engine/Content/EngineDebugMaterials/M_SimpleUnlitTranslucent.uasset" 701
"../../../Engine/Content/EngineDebugMaterials/M_SimpleUnlitTranslucent.uexp" 702
"../../../Engine/Content/EngineDebugMaterials/DebugMeshMaterial.uasset" 703
"../../../Engine/Content/EngineDebugMaterials/DebugMeshMaterial.uexp" 704
"../../../Engine/Content/EngineDebugMaterials/DebugEditorMaterial.uasset" 705
"../../../Engine/Content/EngineDebugMaterials/DebugEditorMaterial.uexp" 706
"../../../Engine/Content/EditorMaterials/PreviewShadowIndicator.ubulk" 707
"../../../Engine/Content/EditorMaterials/PreviewShadowIndicator.uasset" 708
"../../../Engine/Content/EditorMaterials/PreviewShadowIndicator.uexp" 709
"../../../Engine/Content/EditorMaterials/PreviewShadowIndicatorMaterial.uasset" 710
"../../../Engine/Content/EditorMaterials/PreviewShadowIndicatorMaterial.uexp" 711
"../../../Engine/Content/EditorMaterials/PhAT_UnselectedMaterial.uasset" 712
"../../../Engine/Content/EditorMaterials/PhAT_UnselectedMaterial.uexp" 713
"../../../Engine/Content/EditorMaterials/PhAT_NoCollisionMaterial.uasset" 714
"../../../Engine/Content/EditorMaterials/PhAT_NoCollisionMaterial.uexp" 715
"../../../Engine/Content/EditorLandscapeResources/SplineEditorMeshMat.uasset" 716
"../../../Engine/Content/EditorLandscapeResources/SplineEditorMeshMat.uexp" 717
"../../../Engine/Content/EditorLandscapeResources/SplineEditorMesh.ubulk" 718
"../../../Engine/Content/EditorLandscapeResources/SplineEditorMesh.uasset" 719
"../../../Engine/Content/EditorLandscapeResources/SplineEditorMesh.uexp" 720
"../../../Engine/Content/EngineMaterials/DefaultMaterial.uasset" 721
"../../../Engine/Content/EngineMaterials/DefaultMaterial.uexp" 722
"../../../Engine/Content/BasicShapes/Sphere.ubulk" 723
"../../../Engine/Content/BasicShapes/Sphere.uasset" 724
"../../../Engine/Content/BasicShapes/Sphere.uexp" 725
"../../../Engine/Content/BasicShapes/Plane.ubulk" 726
"../../../Engine/Content/BasicShapes/Plane.uasset" 727
"../../../Engine/Content/BasicShapes/Plane.uexp" 728
"../../../Engine/Content/BasicShapes/Cylinder.ubulk" 729
"../../../Engine/Content/BasicShapes/Cylinder.uasset" 730
"../../../Engine/Content/BasicShapes/Cylinder.uexp" 731
"../../../Engine/Content/BasicShapes/Cube.ubulk" 732
"../../../Engine/Content/BasicShapes/Cube.uasset" 733
"../../../Engine/Content/BasicShapes/Cube.uexp" 734
"../../../Engine/Content/BasicShapes/Cone.ubulk" 735
"../../../Engine/Content/BasicShapes/Cone.uasset" 736
"../../../Engine/Content/BasicShapes/Cone.uexp" 737
"../../../Engine/Content/BasicShapes/BasicShapeMaterial.uasset" 738
"../../../Engine/Content/BasicShapes/BasicShapeMaterial.uexp" 739
"../../../Engine/Plugins/Interchange/Assets/Content/gltf/Textures/T_White_srgb.uasset" 740
"../../../Engine/Plugins/Interchange/Assets/Content/gltf/Textures/T_White_srgb.uexp" 741
"../../../Engine/Plugins/Interchange/Assets/Content/gltf/MaterialFunctions/MF_BaseColor.uasset" 742
"../../../Engine/Plugins/Interchange/Assets/Content/gltf/MaterialFunctions/MF_BaseColor.uexp" 743
"../../../Engine/Plugins/Interchange/Assets/Content/gltf/MaterialFunctions/MF_RotateV2.uasset" 744
"../../../Engine/Plugins/Interchange/Assets/Content/gltf/MaterialFunctions/MF_RotateV2.uexp" 745
"../../../Engine/Plugins/Interchange/Assets/Content/gltf/MaterialFunctions/MF_TransformUVs.uasset" 746
"../../../Engine/Plugins/Interchange/Assets/Content/gltf/MaterialFunctions/MF_TransformUVs.uexp" 747
"../../../Engine/Plugins/Interchange/Assets/Content/gltf/MaterialBodies/MF_Unlit_Body.uasset" 748
"../../../Engine/Plugins/Interchange/Assets/Content/gltf/MaterialBodies/MF_Unlit_Body.uexp" 749
"../../../Engine/Plugins/Interchange/Assets/Content/gltf/M_Unlit.uasset" 750
"../../../Engine/Plugins/Interchange/Assets/Content/gltf/M_Unlit.uexp" 751
"../../../Engine/Plugins/Interchange/Assets/Content/gltf/MaterialInstances/MI_Unlit_Opaque_DS.uasset" 752
"../../../Engine/Plugins/Interchange/Assets/Content/gltf/MaterialInstances/MI_Unlit_Opaque_DS.uexp" 753
"../../../Engine/Plugins/Interchange/Assets/Content/gltf/MaterialInstances/MI_Unlit_Opaque.uasset" 754
"../../../Engine/Plugins/Interchange/Assets/Content/gltf/MaterialInstances/MI_Unlit_Opaque.uexp" 755
"../../../Engine/Plugins/Interchange/Assets/Content/gltf/MaterialInstances/MI_Unlit_Mask_DS.uasset" 756
"../../../Engine/Plugins/Interchange/Assets/Content/gltf/MaterialInstances/MI_Unlit_Mask_DS.uexp" 757
"../../../Engine/Plugins/Interchange/Assets/Content/gltf/MaterialInstances/MI_Unlit_Mask.uasset" 758
"../../../Engine/Plugins/Interchange/Assets/Content/gltf/MaterialInstances/MI_Unlit_Mask.uexp" 759
"../../../Engine/Plugins/Interchange/Assets/Content/gltf/MaterialInstances/MI_Unlit_Blend_DS.uasset" 760
"../../../Engine/Plugins/Interchange/Assets/Content/gltf/MaterialInstances/MI_Unlit_Blend_DS.uexp" 761
"../../../Engine/Plugins/Interchange/Assets/Content/gltf/MaterialInstances/MI_Unlit_Blend.uasset" 762
"../../../Engine/Plugins/Interchange/Assets/Content/gltf/MaterialInstances/MI_Unlit_Blend.uexp" 763
"../../../Engine/Content/Functions/Engine_MaterialFunctions02/Math/Transform3x3Matrix.uasset" 764
"../../../Engine/Content/Functions/Engine_MaterialFunctions02/Math/Transform3x3Matrix.uexp" 765
"../../../Engine/Content/EngineMaterials/Good64x64TilingNoiseHighFreq.uasset" 766
"../../../Engine/Content/EngineMaterials/Good64x64TilingNoiseHighFreq.uexp" 767
"../../../Engine/Content/Functions/Engine_MaterialFunctions02/Texturing/ScreenAlignedPixelToPixelUVs.uasset" 768
"../../../Engine/Content/Functions/Engine_MaterialFunctions02/Texturing/ScreenAlignedPixelToPixelUVs.uexp" 769
"../../../Engine/Plugins/Interchange/Assets/Content/gltf/MaterialFunctions/MF_Temporal_Blur.uasset" 770
"../../../Engine/Plugins/Interchange/Assets/Content/gltf/MaterialFunctions/MF_Temporal_Blur.uexp" 771
"../../../Engine/Plugins/Interchange/Assets/Content/gltf/MaterialFunctions/MF_Specular.uasset" 772
"../../../Engine/Plugins/Interchange/Assets/Content/gltf/MaterialFunctions/MF_Specular.uexp" 773
"../../../Engine/Plugins/Interchange/Assets/Content/gltf/Textures/T_Anisotropy_Direction_Linear.uasset" 774
"../../../Engine/Plugins/Interchange/Assets/Content/gltf/Textures/T_Anisotropy_Direction_Linear.uexp" 775
"../../../Engine/Plugins/Interchange/Assets/Content/gltf/MaterialFunctions/MF_SpecularAnisotropy.uasset" 776
"../../../Engine/Plugins/Interchange/Assets/Content/gltf/MaterialFunctions/MF_SpecularAnisotropy.uexp" 777
"../../../Engine/Plugins/Interchange/Assets/Content/gltf/Textures/T_White_Linear.uasset" 778
"../../../Engine/Plugins/Interchange/Assets/Content/gltf/Textures/T_White_Linear.uexp" 779
"../../../Engine/Plugins/Interchange/Assets/Content/gltf/MaterialFunctions/MF_MetallicRoughness.uasset" 780
"../../../Engine/Plugins/Interchange/Assets/Content/gltf/MaterialFunctions/MF_MetallicRoughness.uexp" 781
"../../../Engine/Plugins/Interchange/Assets/Content/gltf/Textures/T_Generic_N.uasset" 782
"../../../Engine/Plugins/Interchange/Assets/Content/gltf/Textures/T_Generic_N.uexp" 783
"../../../Engine/Plugins/Interchange/Assets/Content/gltf/MaterialFunctions/MF_ScaleNormal.uasset" 784
"../../../Engine/Plugins/Interchange/Assets/Content/gltf/MaterialFunctions/MF_ScaleNormal.uexp" 785
"../../../Engine/Plugins/Interchange/Assets/Content/gltf/MaterialFunctions/MF_Fresnel_DS.uasset" 786
"../../../Engine/Plugins/Interchange/Assets/Content/gltf/MaterialFunctions/MF_Fresnel_DS.uexp" 787
"../../../Engine/Plugins/Interchange/Assets/Content/gltf/MaterialFunctions/MF_Iridescence.uasset" 788
"../../../Engine/Plugins/Interchange/Assets/Content/gltf/MaterialFunctions/MF_Iridescence.uexp" 789
"../../../Engine/Plugins/Interchange/Assets/Content/gltf/MaterialFunctions/MF_Occlusion.uasset" 790
"../../../Engine/Plugins/Interchange/Assets/Content/gltf/MaterialFunctions/MF_Occlusion.uexp" 791
"../../../Engine/Plugins/Interchange/Assets/Content/gltf/MaterialFunctions/MF_IOR.uasset" 792
"../../../Engine/Plugins/Interchange/Assets/Content/gltf/MaterialFunctions/MF_IOR.uexp" 793
"../../../Engine/Plugins/Interchange/Assets/Content/gltf/MaterialFunctions/MF_Transmission.uasset" 794
"../../../Engine/Plugins/Interchange/Assets/Content/gltf/MaterialFunctions/MF_Transmission.uexp" 795
"../../../Engine/Plugins/Interchange/Assets/Content/gltf/MaterialFunctions/MF_RotateNormals_TS.uasset" 796
"../../../Engine/Plugins/Interchange/Assets/Content/gltf/MaterialFunctions/MF_RotateNormals_TS.uexp" 797
"../../../Engine/Plugins/Interchange/Assets/Content/gltf/MaterialFunctions/MF_Normals.uasset" 798
"../../../Engine/Plugins/Interchange/Assets/Content/gltf/MaterialFunctions/MF_Normals.uexp" 799
"../../../Engine/Plugins/Interchange/Assets/Content/gltf/MaterialBodies/MF_Transmission_Body.uasset" 800
"../../../Engine/Plugins/Interchange/Assets/Content/gltf/MaterialBodies/MF_Transmission_Body.uexp" 801
"../../../Engine/Plugins/Interchange/Assets/Content/gltf/M_Transmission.uasset" 802
"../../../Engine/Plugins/Interchange/Assets/Content/gltf/M_Transmission.uexp" 803
"../../../Engine/Plugins/Interchange/Assets/Content/gltf/MaterialInstances/MI_Transmission_DS.uasset" 804
"../../../Engine/Plugins/Interchange/Assets/Content/gltf/MaterialInstances/MI_Transmission_DS.uexp" 805
"../../../Engine/Content/Functions/Engine_MaterialFunctions02/Math/AddComponents.uasset" 806
"../../../Engine/Content/Functions/Engine_MaterialFunctions02/Math/AddComponents.uexp" 807
"../../../Engine/Plugins/Interchange/Assets/Content/gltf/MaterialFunctions/MF_DiffuseSpecGloss.uasset" 808
"../../../Engine/Plugins/Interchange/Assets/Content/gltf/MaterialFunctions/MF_DiffuseSpecGloss.uexp" 809
"../../../Engine/Plugins/Interchange/Assets/Content/gltf/MaterialFunctions/MF_Emissive.uasset" 810
"../../../Engine/Plugins/Interchange/Assets/Content/gltf/MaterialFunctions/MF_Emissive.uexp" 811
"../../../Engine/Plugins/Interchange/Assets/Content/gltf/MaterialFunctions/MF_PerceivedBrightness.uasset" 812
"../../../Engine/Plugins/Interchange/Assets/Content/gltf/MaterialFunctions/MF_PerceivedBrightness.uexp" 813
"../../../Engine/Plugins/Interchange/Assets/Content/gltf/MaterialFunctions/MF_SpecGlossToMetalRoughness.uasset" 814
"../../../Engine/Plugins/Interchange/Assets/Content/gltf/MaterialFunctions/MF_SpecGlossToMetalRoughness.uexp" 815
"../../../Engine/Plugins/Interchange/Assets/Content/gltf/MaterialFunctions/MF_MaxComponentValue.uasset" 816
"../../../Engine/Plugins/Interchange/Assets/Content/gltf/MaterialFunctions/MF_MaxComponentValue.uexp" 817
"../../../Engine/Plugins/Interchange/Assets/Content/gltf/MaterialBodies/MF_SpecularGlossiness_Body.uasset" 818
"../../../Engine/Plugins/Interchange/Assets/Content/gltf/MaterialBodies/MF_SpecularGlossiness_Body.uexp" 819
"../../../Engine/Plugins/Interchange/Assets/Content/gltf/M_SpecularGlossiness.uasset" 820
"../../../Engine/Plugins/Interchange/Assets/Content/gltf/M_SpecularGlossiness.uexp" 821
"../../../Engine/Plugins/Interchange/Assets/Content/gltf/MaterialInstances/MI_SpecularGlossiness_Opaque_DS.uasset" 822
"../../../Engine/Plugins/Interchange/Assets/Content/gltf/MaterialInstances/MI_SpecularGlossiness_Opaque_DS.uexp" 823
"../../../Engine/Plugins/Interchange/Assets/Content/gltf/MaterialInstances/MI_SpecularGlossiness_Opaque.uasset" 824
"../../../Engine/Plugins/Interchange/Assets/Content/gltf/MaterialInstances/MI_SpecularGlossiness_Opaque.uexp" 825
"../../../Engine/Plugins/Interchange/Assets/Content/gltf/MaterialInstances/MI_SpecularGlossiness_Mask_DS.uasset" 826
"../../../Engine/Plugins/Interchange/Assets/Content/gltf/MaterialInstances/MI_SpecularGlossiness_Mask_DS.uexp" 827
"../../../Engine/Plugins/Interchange/Assets/Content/gltf/MaterialInstances/MI_SpecularGlossiness_Mask.uasset" 828
"../../../Engine/Plugins/Interchange/Assets/Content/gltf/MaterialInstances/MI_SpecularGlossiness_Mask.uexp" 829
"../../../Engine/Plugins/Interchange/Assets/Content/gltf/MaterialInstances/MI_SpecularGlossiness_Blend_DS.uasset" 830
"../../../Engine/Plugins/Interchange/Assets/Content/gltf/MaterialInstances/MI_SpecularGlossiness_Blend_DS.uexp" 831
"../../../Engine/Plugins/Interchange/Assets/Content/gltf/MaterialInstances/MI_SpecularGlossiness_Blend.uasset" 832
"../../../Engine/Plugins/Interchange/Assets/Content/gltf/MaterialInstances/MI_SpecularGlossiness_Blend.uexp" 833
"../../../Engine/Plugins/Interchange/Assets/Content/gltf/MaterialFunctions/MF_Sheen.uasset" 834
"../../../Engine/Plugins/Interchange/Assets/Content/gltf/MaterialFunctions/MF_Sheen.uexp" 835
"../../../Engine/Plugins/Interchange/Assets/Content/gltf/MaterialBodies/MF_Sheen_Body.uasset" 836
"../../../Engine/Plugins/Interchange/Assets/Content/gltf/MaterialBodies/MF_Sheen_Body.uexp" 837
"../../../Engine/Plugins/Interchange/Assets/Content/gltf/M_Sheen.uasset" 838
"../../../Engine/Plugins/Interchange/Assets/Content/gltf/M_Sheen.uexp" 839
"../../../Engine/Plugins/Interchange/Assets/Content/gltf/MaterialInstances/MI_Sheen_Opaque_DS.uasset" 840
"../../../Engine/Plugins/Interchange/Assets/Content/gltf/MaterialInstances/MI_Sheen_Opaque_DS.uexp" 841
"../../../Engine/Plugins/Interchange/Assets/Content/gltf/MaterialInstances/MI_Sheen_Opaque.uasset" 842
"../../../Engine/Plugins/Interchange/Assets/Content/gltf/MaterialInstances/MI_Sheen_Opaque.uexp" 843
"../../../Engine/Plugins/Interchange/Assets/Content/gltf/MaterialInstances/MI_Sheen_Mask_DS.uasset" 844
"../../../Engine/Plugins/Interchange/Assets/Content/gltf/MaterialInstances/MI_Sheen_Mask_DS.uexp" 845
"../../../Engine/Plugins/Interchange/Assets/Content/gltf/MaterialInstances/MI_Sheen_Mask.uasset" 846
"../../../Engine/Plugins/Interchange/Assets/Content/gltf/MaterialInstances/MI_Sheen_Mask.uexp" 847
"../../../Engine/Plugins/Interchange/Assets/Content/gltf/MaterialInstances/MI_Sheen_Blend_DS.uasset" 848
"../../../Engine/Plugins/Interchange/Assets/Content/gltf/MaterialInstances/MI_Sheen_Blend_DS.uexp" 849
"../../../Engine/Plugins/Interchange/Assets/Content/gltf/MaterialInstances/MI_Sheen_Blend.uasset" 850
"../../../Engine/Plugins/Interchange/Assets/Content/gltf/MaterialInstances/MI_Sheen_Blend.uexp" 851
"../../../Engine/Plugins/Interchange/Assets/Content/gltf/MaterialBodies/MF_Default_Body.uasset" 852
"../../../Engine/Plugins/Interchange/Assets/Content/gltf/MaterialBodies/MF_Default_Body.uexp" 853
"../../../Engine/Plugins/Interchange/Assets/Content/gltf/M_Default.uasset" 854
"../../../Engine/Plugins/Interchange/Assets/Content/gltf/M_Default.uexp" 855
"../../../Engine/Plugins/Interchange/Assets/Content/gltf/MaterialInstances/MI_Default_Opaque.uasset" 856
"../../../Engine/Plugins/Interchange/Assets/Content/gltf/MaterialInstances/MI_Default_Opaque.uexp" 857
"../../../Engine/Plugins/Interchange/Assets/Content/gltf/MaterialInstances/MI_Default_Mask_DS.uasset" 858
"../../../Engine/Plugins/Interchange/Assets/Content/gltf/MaterialInstances/MI_Default_Mask_DS.uexp" 859
"../../../Engine/Plugins/Interchange/Assets/Content/gltf/MaterialInstances/MI_Default_Mask.uasset" 860
"../../../Engine/Plugins/Interchange/Assets/Content/gltf/MaterialInstances/MI_Default_Mask.uexp" 861
"../../../Engine/Plugins/Interchange/Assets/Content/gltf/MaterialInstances/MI_Default_Blend.uasset" 862
"../../../Engine/Plugins/Interchange/Assets/Content/gltf/MaterialInstances/MI_Default_Blend.uexp" 863
"../../../Engine/Content/Functions/Engine_MaterialFunctions01/Texturing/FlattenNormal.uasset" 864
"../../../Engine/Content/Functions/Engine_MaterialFunctions01/Texturing/FlattenNormal.uexp" 865
"../../../Engine/Plugins/Interchange/Assets/Content/gltf/MaterialFunctions/MF_Clearcoat.uasset" 866
"../../../Engine/Plugins/Interchange/Assets/Content/gltf/MaterialFunctions/MF_Clearcoat.uexp" 867
"../../../Engine/Plugins/Interchange/Assets/Content/gltf/MaterialBodies/MF_ClearCoat_Body.uasset" 868
"../../../Engine/Plugins/Interchange/Assets/Content/gltf/MaterialBodies/MF_ClearCoat_Body.uexp" 869
"../../../Engine/Plugins/Interchange/Assets/Content/gltf/M_ClearCoat.uasset" 870
"../../../Engine/Plugins/Interchange/Assets/Content/gltf/M_ClearCoat.uexp" 871
"../../../Engine/Plugins/Interchange/Assets/Content/gltf/MaterialInstances/MI_ClearCoat_Opaque_DS.uasset" 872
"../../../Engine/Plugins/Interchange/Assets/Content/gltf/MaterialInstances/MI_ClearCoat_Opaque_DS.uexp" 873
"../../../Engine/Plugins/Interchange/Assets/Content/gltf/MaterialInstances/MI_ClearCoat_Opaque.uasset" 874
"../../../Engine/Plugins/Interchange/Assets/Content/gltf/MaterialInstances/MI_ClearCoat_Opaque.uexp" 875
"../../../Engine/Plugins/Interchange/Assets/Content/gltf/MaterialInstances/MI_ClearCoat_Mask_DS.uasset" 876
"../../../Engine/Plugins/Interchange/Assets/Content/gltf/MaterialInstances/MI_ClearCoat_Mask_DS.uexp" 877
"../../../Engine/Plugins/Interchange/Assets/Content/gltf/MaterialInstances/MI_ClearCoat_Mask.uasset" 878
"../../../Engine/Plugins/Interchange/Assets/Content/gltf/MaterialInstances/MI_ClearCoat_Mask.uexp" 879
"../../../Engine/Plugins/Interchange/Assets/Content/gltf/MaterialInstances/MI_ClearCoat_Blend_DS.uasset" 880
"../../../Engine/Plugins/Interchange/Assets/Content/gltf/MaterialInstances/MI_ClearCoat_Blend_DS.uexp" 881
"../../../Engine/Plugins/Interchange/Assets/Content/gltf/MaterialInstances/MI_ClearCoat_Blend.uasset" 882
"../../../Engine/Plugins/Interchange/Assets/Content/gltf/MaterialInstances/MI_ClearCoat_Blend.uexp" 883
"../../../Engine/Content/VREditor/TransformGizmo/Main.uasset" 884
"../../../Engine/Content/VREditor/TransformGizmo/Main.uexp" 885
"../../../Engine/Content/VREditor/TransformGizmo/Xray.uasset" 886
"../../../Engine/Content/VREditor/TransformGizmo/Xray.uexp" 887
"../../../Engine/Content/VREditor/TransformGizmo/SM_Sequencer_Node.ubulk" 888
"../../../Engine/Content/VREditor/TransformGizmo/SM_Sequencer_Node.uasset" 889
"../../../Engine/Content/VREditor/TransformGizmo/SM_Sequencer_Node.uexp" 890
"../../../Engine/Content/VREditor/LaserPointer/VR_LaserPower_01.ubulk" 891
"../../../Engine/Content/VREditor/LaserPointer/VR_LaserPower_01.uasset" 892
"../../../Engine/Content/VREditor/LaserPointer/VR_LaserPower_01.uexp" 893
"../../../Engine/Content/VREditor/TransformGizmo/TransformGizmoMaterial.uasset" 894
"../../../Engine/Content/VREditor/TransformGizmo/TransformGizmoMaterial.uexp" 895
"../../../Engine/Content/VREditor/TransformGizmo/TranslucentTransformGizmoMaterial.uasset" 896
"../../../Engine/Content/VREditor/TransformGizmo/TranslucentTransformGizmoMaterial.uexp" 897
"../../../Engine/Content/VREditor/TransformGizmo/BoundingBoxEdge.ubulk" 898
"../../../Engine/Content/VREditor/TransformGizmo/BoundingBoxEdge.uasset" 899
"../../../Engine/Content/VREditor/TransformGizmo/BoundingBoxEdge.uexp" 900
"../../../Engine/Content/VREditor/TransformGizmo/BoundingBoxCorner.ubulk" 901
"../../../Engine/Content/VREditor/TransformGizmo/BoundingBoxCorner.uasset" 902
"../../../Engine/Content/VREditor/TransformGizmo/BoundingBoxCorner.uexp" 903
"../../../Engine/Content/EngineSky/VolumetricClouds/T_CloudMask.ubulk" 904
"../../../Engine/Content/EngineSky/VolumetricClouds/T_CloudMask.uasset" 905
"../../../Engine/Content/EngineSky/VolumetricClouds/T_CloudMask.uexp" 906
"../../../Engine/Content/EngineSky/VolumetricClouds/VT_Lightning.uasset" 907
"../../../Engine/Content/EngineSky/VolumetricClouds/VT_Lightning.uexp" 908
"../../../Engine/Content/EngineSky/VolumetricClouds/T_Profile_08.ubulk" 909
"../../../Engine/Content/EngineSky/VolumetricClouds/T_Profile_08.uasset" 910
"../../../Engine/Content/EngineSky/VolumetricClouds/T_Profile_08.uexp" 911
"../../../Engine/Content/Functions/Engine_MaterialFunctions02/Utility/MakeFloat4.uasset" 912
"../../../Engine/Content/Functions/Engine_MaterialFunctions02/Utility/MakeFloat4.uexp" 913
"../../../Engine/Content/Functions/Engine_MaterialFunctions01/Units/Km-to-Cm.uasset" 914
"../../../Engine/Content/Functions/Engine_MaterialFunctions01/Units/Km-to-Cm.uexp" 915
"../../../Engine/Content/Functions/Engine_MaterialFunctions02/Utility/BreakOutFloat4Components.uasset" 916
"../../../Engine/Content/Functions/Engine_MaterialFunctions02/Utility/BreakOutFloat4Components.uexp" 917
"../../../Engine/Content/EngineSky/VolumetricClouds/T_CloudPattern.ubulk" 918
"../../../Engine/Content/EngineSky/VolumetricClouds/T_CloudPattern.uasset" 919
"../../../Engine/Content/EngineSky/VolumetricClouds/T_CloudPattern.uexp" 920
"../../../Engine/Content/EngineSky/VolumetricClouds/VT_PerlinWorley_Balanced.uasset" 921
"../../../Engine/Content/EngineSky/VolumetricClouds/VT_PerlinWorley_Balanced.uexp" 922
"../../../Engine/Content/EngineSky/VolumetricClouds/m_SimpleVolumetricCloud.uasset" 923
"../../../Engine/Content/EngineSky/VolumetricClouds/m_SimpleVolumetricCloud.uexp" 924
"../../../Engine/Content/EngineSky/VolumetricClouds/m_SimpleVolumetricCloud_Inst.uasset" 925
"../../../Engine/Content/EngineSky/VolumetricClouds/m_SimpleVolumetricCloud_Inst.uexp" 926
"../../../Engine/Content/EditorMaterials/Camera/CineMat.uasset" 927
"../../../Engine/Content/EditorMaterials/Camera/CineMat.uexp" 928
"../../../Engine/Content/EditorMaterials/Camera/MI_CineMat_Rig.uasset" 929
"../../../Engine/Content/EditorMaterials/Camera/MI_CineMat_Rig.uexp" 930
"../../../Engine/Content/EditorMeshes/Camera/SM_RailRig_Track.ubulk" 931
"../../../Engine/Content/EditorMeshes/Camera/SM_RailRig_Track.uasset" 932
"../../../Engine/Content/EditorMeshes/Camera/SM_RailRig_Track.uexp" 933
"../../../Engine/Content/EditorMeshes/Camera/SM_RailRig_Mount.ubulk" 934
"../../../Engine/Content/EditorMeshes/Camera/SM_RailRig_Mount.uasset" 935
"../../../Engine/Content/EditorMeshes/Camera/SM_RailRig_Mount.uexp" 936
"../../../Engine/Content/EditorMeshes/Camera/SM_CraneRig_Mount.ubulk" 937
"../../../Engine/Content/EditorMeshes/Camera/SM_CraneRig_Mount.uasset" 938
"../../../Engine/Content/EditorMeshes/Camera/SM_CraneRig_Mount.uexp" 939
"../../../Engine/Content/EditorMeshes/Camera/SM_CraneRig_Body.ubulk" 940
"../../../Engine/Content/EditorMeshes/Camera/SM_CraneRig_Body.uasset" 941
"../../../Engine/Content/EditorMeshes/Camera/SM_CraneRig_Body.uexp" 942
"../../../Engine/Content/EditorMeshes/Camera/SM_CraneRig_Base.ubulk" 943
"../../../Engine/Content/EditorMeshes/Camera/SM_CraneRig_Base.uasset" 944
"../../../Engine/Content/EditorMeshes/Camera/SM_CraneRig_Base.uexp" 945
"../../../Engine/Content/EditorMeshes/Camera/SM_CraneRig_Arm.ubulk" 946
"../../../Engine/Content/EditorMeshes/Camera/SM_CraneRig_Arm.uasset" 947
"../../../Engine/Content/EditorMeshes/Camera/SM_CraneRig_Arm.uexp" 948
"../../../Engine/Content/EditorMaterials/Dataflow/DataflowVertexMaterial.uasset" 949
"../../../Engine/Content/EditorMaterials/Dataflow/DataflowVertexMaterial.uexp" 950
"../../../Engine/Content/EditorMaterials/Dataflow/DataflowTwoSidedVertexMaterial.uasset" 951
"../../../Engine/Content/EditorMaterials/Dataflow/DataflowTwoSidedVertexMaterial.uexp" 952
"../../../Engine/Content/Functions/Engine_MaterialFunctions01/Shading/PowerToRoughness.uasset" 953
"../../../Engine/Content/Functions/Engine_MaterialFunctions01/Shading/PowerToRoughness.uexp" 954
"../../../Engine/Content/Functions/Engine_MaterialFunctions01/Shading/ConvertFromDiffSpec.uasset" 955
"../../../Engine/Content/Functions/Engine_MaterialFunctions01/Shading/ConvertFromDiffSpec.uexp" 956
"../../../Engine/Content/EngineMaterials/Substrate/Volume/SubstrateSimpleVolumeLUT3D.uasset" 957
"../../../Engine/Content/EngineMaterials/Substrate/Volume/SubstrateSimpleVolumeLUT3D.uexp" 958
"../../../Engine/Content/EngineMaterials/Substrate/Volume/SubstrateSimpleVolumeEnvLUT3D.uasset" 959
"../../../Engine/Content/EngineMaterials/Substrate/Volume/SubstrateSimpleVolumeEnvLUT3D.uexp" 960
"../../../Engine/Content/EngineMaterials/Substrate/GLints2/AGlintTex2dArray2.uasset" 961
"../../../Engine/Content/EngineMaterials/Substrate/GLints2/AGlintTex2dArray2.uexp" 962
"../../../Engine/Content/EngineMaterials/Substrate/GLints/AGlintTex2dArray.uasset" 963
"../../../Engine/Content/EngineMaterials/Substrate/GLints/AGlintTex2dArray.uexp" 964
"../../../Engine/Content/ArtTools/RenderToTexture/Meshes/S_1_Unit_Plane.ubulk" 965
"../../../Engine/Content/ArtTools/RenderToTexture/Meshes/S_1_Unit_Plane.uasset" 966
"../../../Engine/Content/ArtTools/RenderToTexture/Meshes/S_1_Unit_Plane.uexp" 967
=======
=======
>>>>>>> 2c9e8ed0d98f5279aca5a3703af2be7690b3cd9d
=======
>>>>>>> 2c9e8ed0d98f5279aca5a3703af2be7690b3cd9d
"../../../Engine/Plugins/Interchange/Assets/Content/Functions/MX_UsdPreviewSurface.uasset" 248
"../../../Engine/Plugins/Interchange/Assets/Content/Functions/MX_UsdPreviewSurface.uexp" 249
"../../../Engine/Plugins/Interchange/Assets/Content/Functions/MX_UniformEDF.uasset" 250
"../../../Engine/Plugins/Interchange/Assets/Content/Functions/MX_UniformEDF.uexp" 251
"../../../Engine/Plugins/Interchange/Assets/Content/Functions/MX_TranslucentBSDF.uasset" 252
"../../../Engine/Plugins/Interchange/Assets/Content/Functions/MX_TranslucentBSDF.uexp" 253
"../../../Engine/Plugins/Interchange/Assets/Content/Functions/MX_ThinFilmBSDF.uasset" 254
"../../../Engine/Plugins/Interchange/Assets/Content/Functions/MX_ThinFilmBSDF.uexp" 255
"../../../Engine/Plugins/Interchange/Assets/Content/Functions/MX_SurfaceUnlit.uasset" 256
"../../../Engine/Plugins/Interchange/Assets/Content/Functions/MX_SurfaceUnlit.uexp" 257
"../../../Engine/Plugins/Interchange/Assets/Content/Functions/MX_Surface.uasset" 258
"../../../Engine/Plugins/Interchange/Assets/Content/Functions/MX_Surface.uexp" 259
"../../../Engine/Plugins/Interchange/Assets/Content/Functions/MX_SubsurfaceBSDF.uasset" 260
"../../../Engine/Plugins/Interchange/Assets/Content/Functions/MX_SubsurfaceBSDF.uexp" 261
"../../../Engine/Plugins/Interchange/Assets/Content/Functions/MX_SheenBSDF.uasset" 262
"../../../Engine/Plugins/Interchange/Assets/Content/Functions/MX_SheenBSDF.uexp" 263
"../../../Engine/Plugins/Interchange/Assets/Content/Functions/MX_OrenNayarBSDF.uasset" 264
"../../../Engine/Plugins/Interchange/Assets/Content/Functions/MX_OrenNayarBSDF.uexp" 265
"../../../Engine/Plugins/Interchange/Assets/Content/Utilities/New_LUT.uasset" 266
"../../../Engine/Plugins/Interchange/Assets/Content/Utilities/New_LUT.uexp" 267
"../../../Engine/Content/Functions/Engine_MaterialFunctions03/Math/RemapValueRange.uasset" 268
"../../../Engine/Content/Functions/Engine_MaterialFunctions03/Math/RemapValueRange.uexp" 269
"../../../Engine/Plugins/Interchange/Assets/Content/Functions/MF_Iridescence.uasset" 270
"../../../Engine/Plugins/Interchange/Assets/Content/Functions/MF_Iridescence.uexp" 271
"../../../Engine/Plugins/Interchange/Assets/Content/Functions/MX_StandardSurface.uasset" 272
"../../../Engine/Plugins/Interchange/Assets/Content/Functions/MX_StandardSurface.uexp" 273
"../../../Engine/Plugins/Interchange/Assets/Content/Functions/MX_TransmissionSurface.uasset" 274
"../../../Engine/Plugins/Interchange/Assets/Content/Functions/MX_TransmissionSurface.uexp" 275
"../../../Engine/Plugins/Interchange/Assets/Content/Functions/MX_OpenPBR_Translucent.uasset" 276
"../../../Engine/Plugins/Interchange/Assets/Content/Functions/MX_OpenPBR_Translucent.uexp" 277
"../../../Engine/Plugins/Interchange/Assets/Content/Functions/MX_OpenPBR_Opaque.uasset" 278
"../../../Engine/Plugins/Interchange/Assets/Content/Functions/MX_OpenPBR_Opaque.uexp" 279
"../../../Engine/Plugins/Interchange/Assets/Content/Functions/MX_MeasuredEDF.uasset" 280
"../../../Engine/Plugins/Interchange/Assets/Content/Functions/MX_MeasuredEDF.uexp" 281
"../../../Engine/Plugins/Interchange/Assets/Content/Functions/MX_GeneralizedSchlickBSDF.uasset" 282
"../../../Engine/Plugins/Interchange/Assets/Content/Functions/MX_GeneralizedSchlickBSDF.uexp" 283
"../../../Engine/Plugins/Interchange/Assets/Content/Functions/MX_DielectricBSDF.uasset" 284
"../../../Engine/Plugins/Interchange/Assets/Content/Functions/MX_DielectricBSDF.uexp" 285
"../../../Engine/Plugins/Interchange/Assets/Content/Functions/MX_ConicalEDF.uasset" 286
"../../../Engine/Plugins/Interchange/Assets/Content/Functions/MX_ConicalEDF.uexp" 287
"../../../Engine/Plugins/Interchange/Assets/Content/Functions/MX_ConductorBSDF.uasset" 288
"../../../Engine/Plugins/Interchange/Assets/Content/Functions/MX_ConductorBSDF.uexp" 289
"../../../Engine/Plugins/Interchange/Assets/Content/Functions/MX_BurleyDiffuseBSDF.uasset" 290
"../../../Engine/Plugins/Interchange/Assets/Content/Functions/MX_BurleyDiffuseBSDF.uexp" 291
"../../../Engine/Plugins/Interchange/Assets/Content/Functions/MX_AnisotropicVDF.uasset" 292
"../../../Engine/Plugins/Interchange/Assets/Content/Functions/MX_AnisotropicVDF.uexp" 293
"../../../Engine/Plugins/Interchange/Assets/Content/Functions/MX_AbsorptionVDF.uasset" 294
"../../../Engine/Plugins/Interchange/Assets/Content/Functions/MX_AbsorptionVDF.uexp" 295
"../../../Engine/Content/Functions/Engine_MaterialFunctions01/Shading/PowerToRoughness.uasset" 296
"../../../Engine/Content/Functions/Engine_MaterialFunctions01/Shading/PowerToRoughness.uexp" 297
"../../../Engine/Content/Functions/Engine_MaterialFunctions01/Shading/ConvertFromDiffSpec.uasset" 298
"../../../Engine/Content/Functions/Engine_MaterialFunctions01/Shading/ConvertFromDiffSpec.uexp" 299
"../../../Engine/Content/EngineMaterials/Substrate/Volume/SubstrateSimpleVolumeLUT3D.uasset" 300
"../../../Engine/Content/EngineMaterials/Substrate/Volume/SubstrateSimpleVolumeLUT3D.uexp" 301
"../../../Engine/Content/EngineMaterials/Substrate/Volume/SubstrateSimpleVolumeEnvLUT3D.uasset" 302
"../../../Engine/Content/EngineMaterials/Substrate/Volume/SubstrateSimpleVolumeEnvLUT3D.uexp" 303
"../../../Engine/Content/EngineMeshes/Sphere.ubulk" 304
"../../../Engine/Content/EngineMeshes/Sphere.uasset" 305
"../../../Engine/Content/EngineMeshes/Sphere.uexp" 306
"../../../Engine/Plugins/NNE/NNEDenoiser/Content/NNEDTOM_Output_Default.uasset" 307
"../../../Engine/Plugins/NNE/NNEDenoiser/Content/NNEDTOM_Output_Default.uexp" 308
"../../../Engine/Plugins/NNE/NNEDenoiser/Content/NNEDTOM_Output_Alpha.uasset" 309
"../../../Engine/Plugins/NNE/NNEDenoiser/Content/NNEDTOM_Output_Alpha.uexp" 310
"../../../Engine/Plugins/NNE/NNEDenoiser/Content/NNEDTIM_ColorAlbedoNormal_Default.uasset" 311
"../../../Engine/Plugins/NNE/NNEDenoiser/Content/NNEDTIM_ColorAlbedoNormal_Default.uexp" 312
"../../../Engine/Plugins/NNE/NNEDenoiser/Content/NNEDTIM_ColorAlbedoNormal_Alpha.uasset" 313
"../../../Engine/Plugins/NNE/NNEDenoiser/Content/NNEDTIM_ColorAlbedoNormal_Alpha.uexp" 314
"../../../Engine/Plugins/NNE/NNEDenoiser/Content/NNEDOM_Output_Default.uasset" 315
"../../../Engine/Plugins/NNE/NNEDenoiser/Content/NNEDOM_Output_Default.uexp" 316
"../../../Engine/Plugins/NNE/NNEDenoiser/Content/NNEDOM_Output_Alpha.uasset" 317
"../../../Engine/Plugins/NNE/NNEDenoiser/Content/NNEDOM_Output_Alpha.uexp" 318
"../../../Engine/Plugins/NNE/NNEDenoiser/Content/NNEDIM_HighQuality_Default.uasset" 319
"../../../Engine/Plugins/NNE/NNEDenoiser/Content/NNEDIM_HighQuality_Default.uexp" 320
"../../../Engine/Plugins/NNE/NNEDenoiser/Content/NNEDIM_HighQuality_Alpha.uasset" 321
"../../../Engine/Plugins/NNE/NNEDenoiser/Content/NNEDIM_HighQuality_Alpha.uexp" 322
"../../../Engine/Plugins/NNE/NNEDenoiser/Content/NNEDIM_ColorAlbedoNormal_Default.uasset" 323
"../../../Engine/Plugins/NNE/NNEDenoiser/Content/NNEDIM_ColorAlbedoNormal_Default.uexp" 324
"../../../Engine/Plugins/NNE/NNEDenoiser/Content/NNEDIM_ColorAlbedoNormal_Alpha.uasset" 325
"../../../Engine/Plugins/NNE/NNEDenoiser/Content/NNEDIM_ColorAlbedoNormal_Alpha.uexp" 326
"../../../Engine/Content/EngineMaterials/T_Default_Material_Grid_M.ubulk" 327
"../../../Engine/Content/EngineMaterials/T_Default_Material_Grid_M.uasset" 328
"../../../Engine/Content/EngineMaterials/T_Default_Material_Grid_M.uexp" 329
"../../../Engine/Content/EngineMaterials/T_Default_Material_Grid_N.ubulk" 330
"../../../Engine/Content/EngineMaterials/T_Default_Material_Grid_N.uasset" 331
"../../../Engine/Content/EngineMaterials/T_Default_Material_Grid_N.uexp" 332
"../../../Engine/Content/Functions/Engine_MaterialFunctions01/Opacity/CameraDepthFade.uasset" 333
"../../../Engine/Content/Functions/Engine_MaterialFunctions01/Opacity/CameraDepthFade.uexp" 334
"../../../Engine/Content/EngineMaterials/WorldGridMaterial.uasset" 335
"../../../Engine/Content/EngineMaterials/WorldGridMaterial.uexp" 336
"../../../Engine/Plugins/Media/MediaPlate/Content/SM_MediaPlateScreen.ubulk" 337
"../../../Engine/Plugins/Media/MediaPlate/Content/SM_MediaPlateScreen.uasset" 338
"../../../Engine/Plugins/Media/MediaPlate/Content/SM_MediaPlateScreen.uexp" 339
"../../../Engine/Content/Functions/Engine_MaterialFunctions02/WorldPositionOffset/CameraOffset.uasset" 340
"../../../Engine/Content/Functions/Engine_MaterialFunctions02/WorldPositionOffset/CameraOffset.uexp" 341
"../../../Engine/Plugins/Animation/ControlRig/Content/M_Manip.uasset" 342
"../../../Engine/Plugins/Animation/ControlRig/Content/M_Manip.uexp" 343
"../../../Engine/Plugins/2D/Paper2D/Content/DefaultSpriteMaterial.uasset" 344
"../../../Engine/Plugins/2D/Paper2D/Content/DefaultSpriteMaterial.uexp" 345
"../../../Engine/Plugins/2D/Paper2D/Content/OpaqueUnlitSpriteMaterial.uasset" 346
"../../../Engine/Plugins/2D/Paper2D/Content/OpaqueUnlitSpriteMaterial.uexp" 347
"../../../Engine/Plugins/2D/Paper2D/Content/MaskedUnlitSpriteMaterial.uasset" 348
"../../../Engine/Plugins/2D/Paper2D/Content/MaskedUnlitSpriteMaterial.uexp" 349
"../../../Engine/Plugins/Runtime/MeshModelingToolset/Content/Materials/M_DynamicMeshComponentVtxColor.uasset" 350
"../../../Engine/Plugins/Runtime/MeshModelingToolset/Content/Materials/M_DynamicMeshComponentVtxColor.uexp" 351
"../../../Engine/Plugins/Runtime/HairStrands/Content/Materials/HairMeshesDefaultMaterial.uasset" 352
"../../../Engine/Plugins/Runtime/HairStrands/Content/Materials/HairMeshesDefaultMaterial.uexp" 353
"../../../Engine/Plugins/Runtime/HairStrands/Content/Materials/HairDefaultMaterial.uasset" 354
"../../../Engine/Plugins/Runtime/HairStrands/Content/Materials/HairDefaultMaterial.uexp" 355
"../../../Engine/Plugins/Runtime/HairStrands/Content/Materials/HairGroupColors.uasset" 356
"../../../Engine/Plugins/Runtime/HairStrands/Content/Materials/HairGroupColors.uexp" 357
"../../../Engine/Content/Functions/Engine_MaterialFunctions02/Utility/MakeFloat2.uasset" 358
"../../../Engine/Content/Functions/Engine_MaterialFunctions02/Utility/MakeFloat2.uexp" 359
"../../../Engine/Content/Functions/Engine_MaterialFunctions02/Utility/MakeFloat3.uasset" 360
"../../../Engine/Content/Functions/Engine_MaterialFunctions02/Utility/MakeFloat3.uexp" 361
"../../../Engine/Content/EngineMaterials/HairColorMap.uasset" 362
"../../../Engine/Content/EngineMaterials/HairColorMap.uexp" 363
"../../../Engine/Content/EngineMaterials/HairDebugColor.uasset" 364
"../../../Engine/Content/EngineMaterials/HairDebugColor.uexp" 365
"../../../Engine/Plugins/Runtime/HairStrands/Content/Materials/HairDebugMaterial.uasset" 366
"../../../Engine/Plugins/Runtime/HairStrands/Content/Materials/HairDebugMaterial.uexp" 367
"../../../Engine/Plugins/Runtime/HairStrands/Content/Materials/HairCardsDefaultMaterial.uasset" 368
"../../../Engine/Plugins/Runtime/HairStrands/Content/Materials/HairCardsDefaultMaterial.uexp" 369
"../../../Engine/Content/Functions/Engine_MaterialFunctions02/Texturing/CustomRotator.uasset" 370
"../../../Engine/Content/Functions/Engine_MaterialFunctions02/Texturing/CustomRotator.uexp" 371
"../../../Engine/Content/Functions/Engine_MaterialFunctions02/Utility/BreakOutFloat2Components.uasset" 372
"../../../Engine/Content/Functions/Engine_MaterialFunctions02/Utility/BreakOutFloat2Components.uexp" 373
"../../../Engine/Content/Functions/Engine_MaterialFunctions01/Texturing/ScaleUVsByCenter.uasset" 374
"../../../Engine/Content/Functions/Engine_MaterialFunctions01/Texturing/ScaleUVsByCenter.uexp" 375
"../../../Engine/Plugins/Runtime/AudioWidgets/Content/AudioMaterialSlate/Functions/MF_SingleLine_Smooth.uasset" 376
"../../../Engine/Plugins/Runtime/AudioWidgets/Content/AudioMaterialSlate/Functions/MF_SingleLine_Smooth.uexp" 377
"../../../Engine/Plugins/Runtime/AudioWidgets/Content/AudioMaterialSlate/Functions/MF_AngleGradient.uasset" 378
"../../../Engine/Plugins/Runtime/AudioWidgets/Content/AudioMaterialSlate/Functions/MF_AngleGradient.uexp" 379
"../../../Engine/Plugins/Runtime/AudioWidgets/Content/AudioMaterialSlate/Functions/MF_SingleLine.uasset" 380
"../../../Engine/Plugins/Runtime/AudioWidgets/Content/AudioMaterialSlate/Functions/MF_SingleLine.uexp" 381
"../../../Engine/Content/Functions/Engine_MaterialFunctions01/Gradient/SphereGradient-2D.uasset" 382
"../../../Engine/Content/Functions/Engine_MaterialFunctions01/Gradient/SphereGradient-2D.uexp" 383
"../../../Engine/Plugins/Runtime/AudioWidgets/Content/AudioMaterialSlate/M_AudioMaterialToggleButton.uasset" 384
"../../../Engine/Plugins/Runtime/AudioWidgets/Content/AudioMaterialSlate/M_AudioMaterialToggleButton.uexp" 385
"../../../Engine/Plugins/Runtime/AudioWidgets/Content/AudioMaterialSlate/MI_AudioMaterialToggleButton.uasset" 386
"../../../Engine/Plugins/Runtime/AudioWidgets/Content/AudioMaterialSlate/MI_AudioMaterialToggleButton.uexp" 387
"../../../Engine/Content/Functions/Engine_MaterialFunctions02/Utility/VectorLength.uasset" 388
"../../../Engine/Content/Functions/Engine_MaterialFunctions02/Utility/VectorLength.uexp" 389
"../../../Engine/Content/Functions/Engine_MaterialFunctions01/Gradient/GeneratedRoundRect.uasset" 390
"../../../Engine/Content/Functions/Engine_MaterialFunctions01/Gradient/GeneratedRoundRect.uexp" 391
"../../../Engine/Plugins/Runtime/AudioWidgets/Content/AudioMaterialSlate/M_AudioMaterialRoundedSlider.uasset" 392
"../../../Engine/Plugins/Runtime/AudioWidgets/Content/AudioMaterialSlate/M_AudioMaterialRoundedSlider.uexp" 393
"../../../Engine/Plugins/Runtime/AudioWidgets/Content/AudioMaterialSlate/MI_AudioMaterialRoundedSlider.uasset" 394
"../../../Engine/Plugins/Runtime/AudioWidgets/Content/AudioMaterialSlate/MI_AudioMaterialRoundedSlider.uexp" 395
"../../../Engine/Plugins/Runtime/AudioWidgets/Content/AudioMaterialSlate/Functions/MF_Lines.uasset" 396
"../../../Engine/Plugins/Runtime/AudioWidgets/Content/AudioMaterialSlate/Functions/MF_Lines.uexp" 397
"../../../Engine/Content/Functions/Engine_MaterialFunctions02/Lerp_3Color.uasset" 398
"../../../Engine/Content/Functions/Engine_MaterialFunctions02/Lerp_3Color.uexp" 399
"../../../Engine/Plugins/Runtime/AudioWidgets/Content/AudioMaterialSlate/M_AudioMaterialMeter.uasset" 400
"../../../Engine/Plugins/Runtime/AudioWidgets/Content/AudioMaterialSlate/M_AudioMaterialMeter.uexp" 401
"../../../Engine/Plugins/Runtime/AudioWidgets/Content/AudioMaterialSlate/MI_AudioMaterialMeter.uasset" 402
"../../../Engine/Plugins/Runtime/AudioWidgets/Content/AudioMaterialSlate/MI_AudioMaterialMeter.uexp" 403
"../../../Engine/Plugins/Runtime/AudioWidgets/Content/AudioMaterialSlate/M_AudioMaterialKnob.uasset" 404
"../../../Engine/Plugins/Runtime/AudioWidgets/Content/AudioMaterialSlate/M_AudioMaterialKnob.uexp" 405
"../../../Engine/Plugins/Runtime/AudioWidgets/Content/AudioMaterialSlate/MI_AudioMaterialKnob.uasset" 406
"../../../Engine/Plugins/Runtime/AudioWidgets/Content/AudioMaterialSlate/MI_AudioMaterialKnob.uexp" 407
"../../../Engine/Plugins/Runtime/AudioWidgets/Content/AudioMaterialSlate/Functions/MF_DotOutlined.uasset" 408
"../../../Engine/Plugins/Runtime/AudioWidgets/Content/AudioMaterialSlate/Functions/MF_DotOutlined.uexp" 409
"../../../Engine/Plugins/Runtime/AudioWidgets/Content/AudioMaterialSlate/M_AudioMaterialEnvelope_ADSR.uasset" 410
"../../../Engine/Plugins/Runtime/AudioWidgets/Content/AudioMaterialSlate/M_AudioMaterialEnvelope_ADSR.uexp" 411
"../../../Engine/Plugins/Runtime/AudioWidgets/Content/AudioMaterialSlate/MI_AudioMaterialEnvelope_ADSR.uasset" 412
"../../../Engine/Plugins/Runtime/AudioWidgets/Content/AudioMaterialSlate/MI_AudioMaterialEnvelope_ADSR.uexp" 413
"../../../Engine/Plugins/Editor/SpeedTreeImporter/Content/SpeedTree9/game_wind_noise.ubulk" 414
"../../../Engine/Plugins/Editor/SpeedTreeImporter/Content/SpeedTree9/game_wind_noise.uasset" 415
"../../../Engine/Plugins/Editor/SpeedTreeImporter/Content/SpeedTree9/game_wind_noise.uexp" 416
"../../../Engine/Plugins/Editor/SpeedTreeImporter/Content/SpeedTree9/UnpackDirection.uasset" 417
"../../../Engine/Plugins/Editor/SpeedTreeImporter/Content/SpeedTree9/UnpackDirection.uexp" 418
"../../../Engine/Content/Functions/Engine_MaterialFunctions02/ObjectLocalBounds.uasset" 419
"../../../Engine/Content/Functions/Engine_MaterialFunctions02/ObjectLocalBounds.uexp" 420
"../../../Engine/Content/Functions/Engine_MaterialFunctions02/Utility/BreakOutFloat3Components.uasset" 421
"../../../Engine/Content/Functions/Engine_MaterialFunctions02/Utility/BreakOutFloat3Components.uexp" 422
"../../../Engine/Content/Functions/Engine_MaterialFunctions02/UVs/BoundingBoxBased_0-1_UVW.uasset" 423
"../../../Engine/Content/Functions/Engine_MaterialFunctions02/UVs/BoundingBoxBased_0-1_UVW.uexp" 424
"../../../Engine/Plugins/Editor/SpeedTreeImporter/Content/SpeedTree9/UnpackInteger3.uasset" 425
"../../../Engine/Plugins/Editor/SpeedTreeImporter/Content/SpeedTree9/UnpackInteger3.uexp" 426
"../../../Engine/Plugins/Editor/SpeedTreeImporter/Content/SpeedTree9/SpeedTreeCameraFacing.uasset" 427
"../../../Engine/Plugins/Editor/SpeedTreeImporter/Content/SpeedTree9/SpeedTreeCameraFacing.uexp" 428
"../../../Engine/Content/Functions/Engine_MaterialFunctions02/WorldPositionOffset/ObjectScale.uasset" 429
"../../../Engine/Content/Functions/Engine_MaterialFunctions02/WorldPositionOffset/ObjectScale.uexp" 430
"../../../Engine/Content/Functions/Engine_MaterialFunctions02/SafeNormalize.uasset" 431
"../../../Engine/Content/Functions/Engine_MaterialFunctions02/SafeNormalize.uexp" 432
"../../../Engine/Plugins/Editor/SpeedTreeImporter/Content/SpeedTree9/SpeedTreeWindMotion.uasset" 433
"../../../Engine/Plugins/Editor/SpeedTreeImporter/Content/SpeedTree9/SpeedTreeWindMotion.uexp" 434
"../../../Engine/Plugins/Editor/SpeedTreeImporter/Content/SpeedTree9/SpeedTreeBranchMotion.uasset" 435
"../../../Engine/Plugins/Editor/SpeedTreeImporter/Content/SpeedTree9/SpeedTreeBranchMotion.uexp" 436
"../../../Engine/Plugins/Editor/SpeedTreeImporter/Content/SpeedTree9/SpeedTreeWind.uasset" 437
"../../../Engine/Plugins/Editor/SpeedTreeImporter/Content/SpeedTree9/SpeedTreeWind.uexp" 438
"../../../Engine/Plugins/Editor/SpeedTreeImporter/Content/SpeedTree9/EmptyNormal.uasset" 439
"../../../Engine/Plugins/Editor/SpeedTreeImporter/Content/SpeedTree9/EmptyNormal.uexp" 440
"../../../Engine/Plugins/Editor/SpeedTreeImporter/Content/SpeedTree9/Empty.uasset" 441
"../../../Engine/Plugins/Editor/SpeedTreeImporter/Content/SpeedTree9/Empty.uexp" 442
"../../../Engine/Plugins/Editor/SpeedTreeImporter/Content/SpeedTree9/SpeedTreeMaster.uasset" 443
"../../../Engine/Plugins/Editor/SpeedTreeImporter/Content/SpeedTree9/SpeedTreeMaster.uexp" 444
"../../../Engine/Plugins/Editor/SpeedTreeImporter/Content/SpeedTree9/SpeedTreeBillboard.uasset" 445
"../../../Engine/Plugins/Editor/SpeedTreeImporter/Content/SpeedTree9/SpeedTreeBillboard.uexp" 446
"../../../Engine/Plugins/Editor/SpeedTreeImporter/Content/SpeedTree9/SpeedTreeBillboardMaster.uasset" 447
"../../../Engine/Plugins/Editor/SpeedTreeImporter/Content/SpeedTree9/SpeedTreeBillboardMaster.uexp" 448
"../../../Engine/Plugins/Animation/ControlRig/Content/Controls/ControlRig_Wedge_solid.ubulk" 449
"../../../Engine/Plugins/Animation/ControlRig/Content/Controls/ControlRig_Wedge_solid.uasset" 450
"../../../Engine/Plugins/Animation/ControlRig/Content/Controls/ControlRig_Wedge_solid.uexp" 451
"../../../Engine/Plugins/Animation/ControlRig/Content/Controls/ControlRig_Wedge_3mm.ubulk" 452
"../../../Engine/Plugins/Animation/ControlRig/Content/Controls/ControlRig_Wedge_3mm.uasset" 453
"../../../Engine/Plugins/Animation/ControlRig/Content/Controls/ControlRig_Wedge_3mm.uexp" 454
"../../../Engine/Plugins/Animation/ControlRig/Content/Controls/ControlRig_Wedge_1mm.ubulk" 455
"../../../Engine/Plugins/Animation/ControlRig/Content/Controls/ControlRig_Wedge_1mm.uasset" 456
"../../../Engine/Plugins/Animation/ControlRig/Content/Controls/ControlRig_Wedge_1mm.uexp" 457
"../../../Engine/Plugins/Animation/ControlRig/Content/Controls/ControlRig_Triangle_solid.ubulk" 458
"../../../Engine/Plugins/Animation/ControlRig/Content/Controls/ControlRig_Triangle_solid.uasset" 459
"../../../Engine/Plugins/Animation/ControlRig/Content/Controls/ControlRig_Triangle_solid.uexp" 460
"../../../Engine/Plugins/Animation/ControlRig/Content/Controls/ControlRig_Triangle_3mm.ubulk" 461
"../../../Engine/Plugins/Animation/ControlRig/Content/Controls/ControlRig_Triangle_3mm.uasset" 462
"../../../Engine/Plugins/Animation/ControlRig/Content/Controls/ControlRig_Triangle_3mm.uexp" 463
"../../../Engine/Plugins/Animation/ControlRig/Content/Controls/ControlRig_Triangle_1mm.ubulk" 464
"../../../Engine/Plugins/Animation/ControlRig/Content/Controls/ControlRig_Triangle_1mm.uasset" 465
"../../../Engine/Plugins/Animation/ControlRig/Content/Controls/ControlRig_Triangle_1mm.uexp" 466
"../../../Engine/Plugins/Animation/ControlRig/Content/Controls/ControlRig_Star4_solid.ubulk" 467
"../../../Engine/Plugins/Animation/ControlRig/Content/Controls/ControlRig_Star4_solid.uasset" 468
"../../../Engine/Plugins/Animation/ControlRig/Content/Controls/ControlRig_Star4_solid.uexp" 469
"../../../Engine/Plugins/Animation/ControlRig/Content/Controls/ControlRig_Star4_3mm.ubulk" 470
"../../../Engine/Plugins/Animation/ControlRig/Content/Controls/ControlRig_Star4_3mm.uasset" 471
"../../../Engine/Plugins/Animation/ControlRig/Content/Controls/ControlRig_Star4_3mm.uexp" 472
"../../../Engine/Plugins/Animation/ControlRig/Content/Controls/ControlRig_Star4_1mm.ubulk" 473
"../../../Engine/Plugins/Animation/ControlRig/Content/Controls/ControlRig_Star4_1mm.uasset" 474
"../../../Engine/Plugins/Animation/ControlRig/Content/Controls/ControlRig_Star4_1mm.uexp" 475
"../../../Engine/Plugins/Animation/ControlRig/Content/Controls/ControlRig_Square_solid.ubulk" 476
"../../../Engine/Plugins/Animation/ControlRig/Content/Controls/ControlRig_Square_solid.uasset" 477
"../../../Engine/Plugins/Animation/ControlRig/Content/Controls/ControlRig_Square_solid.uexp" 478
"../../../Engine/Plugins/Animation/ControlRig/Content/Controls/ControlRig_Square_3mm.ubulk" 479
"../../../Engine/Plugins/Animation/ControlRig/Content/Controls/ControlRig_Square_3mm.uasset" 480
"../../../Engine/Plugins/Animation/ControlRig/Content/Controls/ControlRig_Square_3mm.uexp" 481
"../../../Engine/Plugins/Animation/ControlRig/Content/Controls/ControlRig_Square_1mm.ubulk" 482
"../../../Engine/Plugins/Animation/ControlRig/Content/Controls/ControlRig_Square_1mm.uasset" 483
"../../../Engine/Plugins/Animation/ControlRig/Content/Controls/ControlRig_Square_1mm.uexp" 484
"../../../Engine/Plugins/Animation/ControlRig/Content/Controls/ControlRig_Sphere_solid.ubulk" 485
"../../../Engine/Plugins/Animation/ControlRig/Content/Controls/ControlRig_Sphere_solid.uasset" 486
"../../../Engine/Plugins/Animation/ControlRig/Content/Controls/ControlRig_Sphere_solid.uexp" 487
"../../../Engine/Plugins/Animation/ControlRig/Content/Controls/ControlRig_Sphere_3mm.ubulk" 488
"../../../Engine/Plugins/Animation/ControlRig/Content/Controls/ControlRig_Sphere_3mm.uasset" 489
"../../../Engine/Plugins/Animation/ControlRig/Content/Controls/ControlRig_Sphere_3mm.uexp" 490
"../../../Engine/Plugins/Animation/ControlRig/Content/Controls/ControlRig_Sphere_1mm.ubulk" 491
"../../../Engine/Plugins/Animation/ControlRig/Content/Controls/ControlRig_Sphere_1mm.uasset" 492
"../../../Engine/Plugins/Animation/ControlRig/Content/Controls/ControlRig_Sphere_1mm.uexp" 493
"../../../Engine/Plugins/Animation/ControlRig/Content/Controls/ControlRig_RoundedTriangle_solid.ubulk" 494
"../../../Engine/Plugins/Animation/ControlRig/Content/Controls/ControlRig_RoundedTriangle_solid.uasset" 495
"../../../Engine/Plugins/Animation/ControlRig/Content/Controls/ControlRig_RoundedTriangle_solid.uexp" 496
"../../../Engine/Plugins/Animation/ControlRig/Content/Controls/ControlRig_RoundedTriangle_3mm.ubulk" 497
"../../../Engine/Plugins/Animation/ControlRig/Content/Controls/ControlRig_RoundedTriangle_3mm.uasset" 498
"../../../Engine/Plugins/Animation/ControlRig/Content/Controls/ControlRig_RoundedTriangle_3mm.uexp" 499
"../../../Engine/Plugins/Animation/ControlRig/Content/Controls/ControlRig_RoundedTriangle_1mm.ubulk" 500
"../../../Engine/Plugins/Animation/ControlRig/Content/Controls/ControlRig_RoundedTriangle_1mm.uasset" 501
"../../../Engine/Plugins/Animation/ControlRig/Content/Controls/ControlRig_RoundedTriangle_1mm.uexp" 502
"../../../Engine/Plugins/Animation/ControlRig/Content/Controls/ControlRig_RoundedSquare_solid.ubulk" 503
"../../../Engine/Plugins/Animation/ControlRig/Content/Controls/ControlRig_RoundedSquare_solid.uasset" 504
"../../../Engine/Plugins/Animation/ControlRig/Content/Controls/ControlRig_RoundedSquare_solid.uexp" 505
"../../../Engine/Plugins/Animation/ControlRig/Content/Controls/ControlRig_RoundedSquare_3mm.ubulk" 506
"../../../Engine/Plugins/Animation/ControlRig/Content/Controls/ControlRig_RoundedSquare_3mm.uasset" 507
"../../../Engine/Plugins/Animation/ControlRig/Content/Controls/ControlRig_RoundedSquare_3mm.uexp" 508
"../../../Engine/Plugins/Animation/ControlRig/Content/Controls/ControlRig_RoundedSquare_1mm.ubulk" 509
"../../../Engine/Plugins/Animation/ControlRig/Content/Controls/ControlRig_RoundedSquare_1mm.uasset" 510
"../../../Engine/Plugins/Animation/ControlRig/Content/Controls/ControlRig_RoundedSquare_1mm.uexp" 511
"../../../Engine/Plugins/Animation/ControlRig/Content/Controls/ControlRig_QuarterCircle_solid.ubulk" 512
"../../../Engine/Plugins/Animation/ControlRig/Content/Controls/ControlRig_QuarterCircle_solid.uasset" 513
"../../../Engine/Plugins/Animation/ControlRig/Content/Controls/ControlRig_QuarterCircle_solid.uexp" 514
"../../../Engine/Plugins/Animation/ControlRig/Content/Controls/ControlRig_QuarterCircle_3mm.ubulk" 515
"../../../Engine/Plugins/Animation/ControlRig/Content/Controls/ControlRig_QuarterCircle_3mm.uasset" 516
"../../../Engine/Plugins/Animation/ControlRig/Content/Controls/ControlRig_QuarterCircle_3mm.uexp" 517
"../../../Engine/Plugins/Animation/ControlRig/Content/Controls/ControlRig_QuarterCircle_1mm.ubulk" 518
"../../../Engine/Plugins/Animation/ControlRig/Content/Controls/ControlRig_QuarterCircle_1mm.uasset" 519
"../../../Engine/Plugins/Animation/ControlRig/Content/Controls/ControlRig_QuarterCircle_1mm.uexp" 520
"../../../Engine/Plugins/Animation/ControlRig/Content/Controls/ControlRig_Pyramid_solid.ubulk" 521
"../../../Engine/Plugins/Animation/ControlRig/Content/Controls/ControlRig_Pyramid_solid.uasset" 522
"../../../Engine/Plugins/Animation/ControlRig/Content/Controls/ControlRig_Pyramid_solid.uexp" 523
"../../../Engine/Plugins/Animation/ControlRig/Content/Controls/ControlRig_Pyramid_3mm.ubulk" 524
"../../../Engine/Plugins/Animation/ControlRig/Content/Controls/ControlRig_Pyramid_3mm.uasset" 525
"../../../Engine/Plugins/Animation/ControlRig/Content/Controls/ControlRig_Pyramid_3mm.uexp" 526
"../../../Engine/Plugins/Animation/ControlRig/Content/Controls/ControlRig_Pyramid_1mm.ubulk" 527
"../../../Engine/Plugins/Animation/ControlRig/Content/Controls/ControlRig_Pyramid_1mm.uasset" 528
"../../../Engine/Plugins/Animation/ControlRig/Content/Controls/ControlRig_Pyramid_1mm.uexp" 529
"../../../Engine/Plugins/Animation/ControlRig/Content/Controls/ControlRig_Octagon_solid.ubulk" 530
"../../../Engine/Plugins/Animation/ControlRig/Content/Controls/ControlRig_Octagon_solid.uasset" 531
"../../../Engine/Plugins/Animation/ControlRig/Content/Controls/ControlRig_Octagon_solid.uexp" 532
"../../../Engine/Plugins/Animation/ControlRig/Content/Controls/ControlRig_Octagon_3mm.ubulk" 533
"../../../Engine/Plugins/Animation/ControlRig/Content/Controls/ControlRig_Octagon_3mm.uasset" 534
"../../../Engine/Plugins/Animation/ControlRig/Content/Controls/ControlRig_Octagon_3mm.uexp" 535
"../../../Engine/Plugins/Animation/ControlRig/Content/Controls/ControlRig_Octagon_1mm.ubulk" 536
"../../../Engine/Plugins/Animation/ControlRig/Content/Controls/ControlRig_Octagon_1mm.uasset" 537
"../../../Engine/Plugins/Animation/ControlRig/Content/Controls/ControlRig_Octagon_1mm.uexp" 538
"../../../Engine/Plugins/Animation/ControlRig/Content/Controls/ControlRig_Hexagon_solid.ubulk" 539
"../../../Engine/Plugins/Animation/ControlRig/Content/Controls/ControlRig_Hexagon_solid.uasset" 540
"../../../Engine/Plugins/Animation/ControlRig/Content/Controls/ControlRig_Hexagon_solid.uexp" 541
"../../../Engine/Plugins/Animation/ControlRig/Content/Controls/ControlRig_Hexagon_3mm.ubulk" 542
"../../../Engine/Plugins/Animation/ControlRig/Content/Controls/ControlRig_Hexagon_3mm.uasset" 543
"../../../Engine/Plugins/Animation/ControlRig/Content/Controls/ControlRig_Hexagon_3mm.uexp" 544
"../../../Engine/Plugins/Animation/ControlRig/Content/Controls/ControlRig_Hexagon_1mm.ubulk" 545
"../../../Engine/Plugins/Animation/ControlRig/Content/Controls/ControlRig_Hexagon_1mm.uasset" 546
"../../../Engine/Plugins/Animation/ControlRig/Content/Controls/ControlRig_Hexagon_1mm.uexp" 547
"../../../Engine/Plugins/Animation/ControlRig/Content/Controls/ControlRig_HalfCircle_solid.ubulk" 548
"../../../Engine/Plugins/Animation/ControlRig/Content/Controls/ControlRig_HalfCircle_solid.uasset" 549
"../../../Engine/Plugins/Animation/ControlRig/Content/Controls/ControlRig_HalfCircle_solid.uexp" 550
"../../../Engine/Plugins/Animation/ControlRig/Content/Controls/ControlRig_HalfCircle_3mm.ubulk" 551
"../../../Engine/Plugins/Animation/ControlRig/Content/Controls/ControlRig_HalfCircle_3mm.uasset" 552
"../../../Engine/Plugins/Animation/ControlRig/Content/Controls/ControlRig_HalfCircle_3mm.uexp" 553
"../../../Engine/Plugins/Animation/ControlRig/Content/Controls/ControlRig_HalfCircle_1mm.ubulk" 554
"../../../Engine/Plugins/Animation/ControlRig/Content/Controls/ControlRig_HalfCircle_1mm.uasset" 555
"../../../Engine/Plugins/Animation/ControlRig/Content/Controls/ControlRig_HalfCircle_1mm.uexp" 556
"../../../Engine/Plugins/Animation/ControlRig/Content/Controls/ControlRig_Diamond_solid.ubulk" 557
"../../../Engine/Plugins/Animation/ControlRig/Content/Controls/ControlRig_Diamond_solid.uasset" 558
"../../../Engine/Plugins/Animation/ControlRig/Content/Controls/ControlRig_Diamond_solid.uexp" 559
"../../../Engine/Plugins/Animation/ControlRig/Content/Controls/ControlRig_Diamond_3mm.ubulk" 560
"../../../Engine/Plugins/Animation/ControlRig/Content/Controls/ControlRig_Diamond_3mm.uasset" 561
"../../../Engine/Plugins/Animation/ControlRig/Content/Controls/ControlRig_Diamond_3mm.uexp" 562
"../../../Engine/Plugins/Animation/ControlRig/Content/Controls/ControlRig_Diamond_1mm.ubulk" 563
"../../../Engine/Plugins/Animation/ControlRig/Content/Controls/ControlRig_Diamond_1mm.uasset" 564
"../../../Engine/Plugins/Animation/ControlRig/Content/Controls/ControlRig_Diamond_1mm.uexp" 565
"../../../Engine/Plugins/Animation/ControlRig/Content/Controls/ControlRig_Circle_solid.ubulk" 566
"../../../Engine/Plugins/Animation/ControlRig/Content/Controls/ControlRig_Circle_solid.uasset" 567
"../../../Engine/Plugins/Animation/ControlRig/Content/Controls/ControlRig_Circle_solid.uexp" 568
"../../../Engine/Plugins/Animation/ControlRig/Content/Controls/ControlRig_Circle_3mm.ubulk" 569
"../../../Engine/Plugins/Animation/ControlRig/Content/Controls/ControlRig_Circle_3mm.uasset" 570
"../../../Engine/Plugins/Animation/ControlRig/Content/Controls/ControlRig_Circle_3mm.uexp" 571
"../../../Engine/Plugins/Animation/ControlRig/Content/Controls/ControlRig_Circle_1mm.ubulk" 572
"../../../Engine/Plugins/Animation/ControlRig/Content/Controls/ControlRig_Circle_1mm.uasset" 573
"../../../Engine/Plugins/Animation/ControlRig/Content/Controls/ControlRig_Circle_1mm.uexp" 574
"../../../Engine/Plugins/Animation/ControlRig/Content/Controls/ControlRig_Box_solid.ubulk" 575
"../../../Engine/Plugins/Animation/ControlRig/Content/Controls/ControlRig_Box_solid.uasset" 576
"../../../Engine/Plugins/Animation/ControlRig/Content/Controls/ControlRig_Box_solid.uexp" 577
"../../../Engine/Plugins/Animation/ControlRig/Content/Controls/ControlRig_Box_3mm.ubulk" 578
"../../../Engine/Plugins/Animation/ControlRig/Content/Controls/ControlRig_Box_3mm.uasset" 579
"../../../Engine/Plugins/Animation/ControlRig/Content/Controls/ControlRig_Box_3mm.uexp" 580
"../../../Engine/Plugins/Animation/ControlRig/Content/Controls/ControlRig_Box_1mm.ubulk" 581
"../../../Engine/Plugins/Animation/ControlRig/Content/Controls/ControlRig_Box_1mm.uasset" 582
"../../../Engine/Plugins/Animation/ControlRig/Content/Controls/ControlRig_Box_1mm.uexp" 583
"../../../Engine/Plugins/Animation/ControlRig/Content/Controls/ControlRig_Arrow_solid.ubulk" 584
"../../../Engine/Plugins/Animation/ControlRig/Content/Controls/ControlRig_Arrow_solid.uasset" 585
"../../../Engine/Plugins/Animation/ControlRig/Content/Controls/ControlRig_Arrow_solid.uexp" 586
"../../../Engine/Plugins/Animation/ControlRig/Content/Controls/ControlRig_Arrow_3mm.ubulk" 587
"../../../Engine/Plugins/Animation/ControlRig/Content/Controls/ControlRig_Arrow_3mm.uasset" 588
"../../../Engine/Plugins/Animation/ControlRig/Content/Controls/ControlRig_Arrow_3mm.uexp" 589
"../../../Engine/Plugins/Animation/ControlRig/Content/Controls/ControlRig_Arrow_1mm.ubulk" 590
"../../../Engine/Plugins/Animation/ControlRig/Content/Controls/ControlRig_Arrow_1mm.uasset" 591
"../../../Engine/Plugins/Animation/ControlRig/Content/Controls/ControlRig_Arrow_1mm.uexp" 592
"../../../Engine/Plugins/Animation/ControlRig/Content/Controls/ControlRig_Arrow4_solid.ubulk" 593
"../../../Engine/Plugins/Animation/ControlRig/Content/Controls/ControlRig_Arrow4_solid.uasset" 594
"../../../Engine/Plugins/Animation/ControlRig/Content/Controls/ControlRig_Arrow4_solid.uexp" 595
"../../../Engine/Plugins/Animation/ControlRig/Content/Controls/ControlRig_Arrow4_3mm.ubulk" 596
"../../../Engine/Plugins/Animation/ControlRig/Content/Controls/ControlRig_Arrow4_3mm.uasset" 597
"../../../Engine/Plugins/Animation/ControlRig/Content/Controls/ControlRig_Arrow4_3mm.uexp" 598
"../../../Engine/Plugins/Animation/ControlRig/Content/Controls/ControlRig_Arrow4_1mm.ubulk" 599
"../../../Engine/Plugins/Animation/ControlRig/Content/Controls/ControlRig_Arrow4_1mm.uasset" 600
"../../../Engine/Plugins/Animation/ControlRig/Content/Controls/ControlRig_Arrow4_1mm.uexp" 601
"../../../Engine/Plugins/Animation/ControlRig/Content/Controls/ControlRig_Arrow2_solid.ubulk" 602
"../../../Engine/Plugins/Animation/ControlRig/Content/Controls/ControlRig_Arrow2_solid.uasset" 603
"../../../Engine/Plugins/Animation/ControlRig/Content/Controls/ControlRig_Arrow2_solid.uexp" 604
"../../../Engine/Plugins/Animation/ControlRig/Content/Controls/ControlRig_Arrow2_3mm.ubulk" 605
"../../../Engine/Plugins/Animation/ControlRig/Content/Controls/ControlRig_Arrow2_3mm.uasset" 606
"../../../Engine/Plugins/Animation/ControlRig/Content/Controls/ControlRig_Arrow2_3mm.uexp" 607
"../../../Engine/Plugins/Animation/ControlRig/Content/Controls/ControlRig_Arrow2_1mm.ubulk" 608
"../../../Engine/Plugins/Animation/ControlRig/Content/Controls/ControlRig_Arrow2_1mm.uasset" 609
"../../../Engine/Plugins/Animation/ControlRig/Content/Controls/ControlRig_Arrow2_1mm.uexp" 610
"../../../Engine/Plugins/Animation/ControlRig/Content/Controls/ControlRigXRayMaterial.uasset" 611
"../../../Engine/Plugins/Animation/ControlRig/Content/Controls/ControlRigXRayMaterial.uexp" 612
"../../../Engine/Plugins/Animation/ControlRig/Content/Controls/ControlRigGizmoMaterial.uasset" 613
"../../../Engine/Plugins/Animation/ControlRig/Content/Controls/ControlRigGizmoMaterial.uexp" 614
"../../../Engine/Content/EngineResources/WhiteSquareTexture.uasset" 615
"../../../Engine/Content/EngineResources/WhiteSquareTexture.uexp" 616
"../../../Engine/Content/EngineMaterials/Widget3DPassThrough.uasset" 617
"../../../Engine/Content/EngineMaterials/Widget3DPassThrough.uexp" 618
"../../../Engine/Content/EngineMaterials/Widget3DPassThrough_Translucent.uasset" 619
"../../../Engine/Content/EngineMaterials/Widget3DPassThrough_Translucent.uexp" 620
"../../../Engine/Content/EngineMaterials/Widget3DPassThrough_Translucent_OneSided.uasset" 621
"../../../Engine/Content/EngineMaterials/Widget3DPassThrough_Translucent_OneSided.uexp" 622
"../../../Engine/Content/EngineMaterials/Widget3DPassThrough_Opaque.uasset" 623
"../../../Engine/Content/EngineMaterials/Widget3DPassThrough_Opaque.uexp" 624
"../../../Engine/Content/EngineMaterials/Widget3DPassThrough_Opaque_OneSided.uasset" 625
"../../../Engine/Content/EngineMaterials/Widget3DPassThrough_Opaque_OneSided.uexp" 626
"../../../Engine/Content/EngineMaterials/Widget3DPassThrough_Masked_OneSided.uasset" 627
"../../../Engine/Content/EngineMaterials/Widget3DPassThrough_Masked_OneSided.uexp" 628
"../../../Engine/Content/EngineMaterials/Widget3DPassThrough_Masked.uasset" 629
"../../../Engine/Content/EngineMaterials/Widget3DPassThrough_Masked.uexp" 630
"../../../Engine/Content/EngineMaterials/WeightMapPlaceholderTexture.uasset" 631
"../../../Engine/Content/EngineMaterials/WeightMapPlaceholderTexture.uexp" 632
"../../../Engine/Content/EngineMaterials/WeightMapArrayPlaceholderTexture.uasset" 633
"../../../Engine/Content/EngineMaterials/WeightMapArrayPlaceholderTexture.uexp" 634
"../../../Engine/Content/EngineMaterials/RemoveSurfaceMaterial.uasset" 635
"../../../Engine/Content/EngineMaterials/RemoveSurfaceMaterial.uexp" 636
"../../../Engine/Content/EngineMaterials/DefaultCalibrationGrayscale.uasset" 637
"../../../Engine/Content/EngineMaterials/DefaultCalibrationGrayscale.uexp" 638
"../../../Engine/Content/EngineMaterials/PPM_DefaultCalibrationGrayscale.uasset" 639
"../../../Engine/Content/EngineMaterials/PPM_DefaultCalibrationGrayscale.uexp" 640
"../../../Engine/Content/EngineMaterials/DefaultCalibrationColor.uasset" 641
"../../../Engine/Content/EngineMaterials/DefaultCalibrationColor.uexp" 642
"../../../Engine/Content/EngineMaterials/PPM_DefaultCalibrationColor.uasset" 643
"../../../Engine/Content/EngineMaterials/PPM_DefaultCalibrationColor.uexp" 644
"../../../Engine/Content/EngineMaterials/PhAT_JointLimitMaterial.uasset" 645
"../../../Engine/Content/EngineMaterials/PhAT_JointLimitMaterial.uexp" 646
"../../../Engine/Content/EngineMaterials/NaniteHiddenSectionMaterial.uasset" 647
"../../../Engine/Content/EngineMaterials/NaniteHiddenSectionMaterial.uexp" 648
"../../../Engine/Content/EngineMaterials/InvalidLightmapSettings.ubulk" 649
"../../../Engine/Content/EngineMaterials/InvalidLightmapSettings.uasset" 650
"../../../Engine/Content/EngineMaterials/InvalidLightmapSettings.uexp" 651
"../../../Engine/Content/EngineMaterials/M_InvalidLightmapSettings.uasset" 652
"../../../Engine/Content/EngineMaterials/M_InvalidLightmapSettings.uexp" 653
"../../../Engine/Content/EngineMaterials/GizmoMaterial.uasset" 654
"../../../Engine/Content/EngineMaterials/GizmoMaterial.uexp" 655
"../../../Engine/Content/EngineMaterials/BaseFlattenEmissiveMap_VT.uasset" 656
"../../../Engine/Content/EngineMaterials/BaseFlattenEmissiveMap_VT.uexp" 657
"../../../Engine/Content/EngineMaterials/BaseFlattenGrayscaleMap_VT.uasset" 658
"../../../Engine/Content/EngineMaterials/BaseFlattenGrayscaleMap_VT.uexp" 659
"../../../Engine/Content/EngineMaterials/BaseFlattenLinearColor_VT.uasset" 660
"../../../Engine/Content/EngineMaterials/BaseFlattenLinearColor_VT.uexp" 661
"../../../Engine/Content/EngineMaterials/Black_1x1_EXR_Texture_VT.uasset" 662
"../../../Engine/Content/EngineMaterials/Black_1x1_EXR_Texture_VT.uexp" 663
"../../../Engine/Content/EngineMaterials/BaseFlattenDiffuseMap_VT.uasset" 664
"../../../Engine/Content/EngineMaterials/BaseFlattenDiffuseMap_VT.uexp" 665
"../../../Engine/Content/EngineMaterials/BaseFlattenNormalMap_VT.uasset" 666
"../../../Engine/Content/EngineMaterials/BaseFlattenNormalMap_VT.uexp" 667
"../../../Engine/Content/EngineMaterials/FlattenMaterial_WS_Normal_VT.uasset" 668
"../../../Engine/Content/EngineMaterials/FlattenMaterial_WS_Normal_VT.uexp" 669
"../../../Engine/Content/EngineMaterials/FlattenMaterial_VT.uasset" 670
"../../../Engine/Content/EngineMaterials/FlattenMaterial_VT.uexp" 671
"../../../Engine/Content/EngineMaterials/BaseFlattenNormalMap.uasset" 672
"../../../Engine/Content/EngineMaterials/BaseFlattenNormalMap.uexp" 673
"../../../Engine/Content/EngineMaterials/BaseFlattenGrayscaleMap.uasset" 674
"../../../Engine/Content/EngineMaterials/BaseFlattenGrayscaleMap.uexp" 675
"../../../Engine/Content/EngineMaterials/BaseFlattenDiffuseMap.uasset" 676
"../../../Engine/Content/EngineMaterials/BaseFlattenDiffuseMap.uexp" 677
"../../../Engine/Content/Functions/Engine_MaterialFunctions02/PivotPainter2/Black_1x1_EXR_Texture.uasset" 678
"../../../Engine/Content/Functions/Engine_MaterialFunctions02/PivotPainter2/Black_1x1_EXR_Texture.uexp" 679
"../../../Engine/Content/EngineMaterials/BaseFlattenEmissiveMap.uasset" 680
"../../../Engine/Content/EngineMaterials/BaseFlattenEmissiveMap.uexp" 681
"../../../Engine/Content/EngineMaterials/BaseFlattenLinearColor.uasset" 682
"../../../Engine/Content/EngineMaterials/BaseFlattenLinearColor.uexp" 683
"../../../Engine/Content/EngineMaterials/FlattenMaterial.uasset" 684
"../../../Engine/Content/EngineMaterials/FlattenMaterial.uexp" 685
"../../../Engine/Content/EngineMaterials/DefaultWhiteGrid_Low.uasset" 686
"../../../Engine/Content/EngineMaterials/DefaultWhiteGrid_Low.uexp" 687
"../../../Engine/Content/EngineMaterials/EmissiveMeshMaterial.uasset" 688
"../../../Engine/Content/EngineMaterials/EmissiveMeshMaterial.uexp" 689
"../../../Engine/Content/EngineFonts/RobotoDistanceField.uasset" 690
"../../../Engine/Content/EngineFonts/RobotoDistanceField.uexp" 691
"../../../Engine/Content/EngineMaterials/DefaultTextMaterialOpaque.uasset" 692
"../../../Engine/Content/EngineMaterials/DefaultTextMaterialOpaque.uexp" 693
"../../../Engine/Content/EngineMaterials/DefaultDiffuse.ubulk" 694
"../../../Engine/Content/EngineMaterials/DefaultDiffuse.uasset" 695
"../../../Engine/Content/EngineMaterials/DefaultDiffuse.uexp" 696
"../../../Engine/Content/EngineMaterials/DefaultPostProcessMaterial.uasset" 697
"../../../Engine/Content/EngineMaterials/DefaultPostProcessMaterial.uexp" 698
"../../../Engine/Content/EngineMaterials/DefaultLightFunctionMaterial.uasset" 699
"../../../Engine/Content/EngineMaterials/DefaultLightFunctionMaterial.uexp" 700
"../../../Engine/Content/EngineMaterials/DefaultDeferredDecalMaterial.uasset" 701
"../../../Engine/Content/EngineMaterials/DefaultDeferredDecalMaterial.uexp" 702
"../../../Engine/Content/Functions/Engine_MaterialFunctions02/Utility/CameraDirectionVector.uasset" 703
"../../../Engine/Content/Functions/Engine_MaterialFunctions02/Utility/CameraDirectionVector.uexp" 704
"../../../Engine/Content/EngineDebugMaterials/VolumeToRender.uasset" 705
"../../../Engine/Content/EngineDebugMaterials/VolumeToRender.uexp" 706
"../../../Engine/Content/EngineDebugMaterials/M_VolumeRenderSphereTracePP.uasset" 707
"../../../Engine/Content/EngineDebugMaterials/M_VolumeRenderSphereTracePP.uexp" 708
"../../../Engine/Content/EngineDebugMaterials/M_SimpleUnlitTranslucent.uasset" 709
"../../../Engine/Content/EngineDebugMaterials/M_SimpleUnlitTranslucent.uexp" 710
"../../../Engine/Content/EngineDebugMaterials/DebugMeshMaterial.uasset" 711
"../../../Engine/Content/EngineDebugMaterials/DebugMeshMaterial.uexp" 712
"../../../Engine/Content/EngineDebugMaterials/DebugEditorMaterial.uasset" 713
"../../../Engine/Content/EngineDebugMaterials/DebugEditorMaterial.uexp" 714
"../../../Engine/Content/EditorMaterials/PreviewShadowIndicator.ubulk" 715
"../../../Engine/Content/EditorMaterials/PreviewShadowIndicator.uasset" 716
"../../../Engine/Content/EditorMaterials/PreviewShadowIndicator.uexp" 717
"../../../Engine/Content/EditorMaterials/PreviewShadowIndicatorMaterial.uasset" 718
"../../../Engine/Content/EditorMaterials/PreviewShadowIndicatorMaterial.uexp" 719
"../../../Engine/Content/EditorMaterials/PhAT_UnselectedMaterial.uasset" 720
"../../../Engine/Content/EditorMaterials/PhAT_UnselectedMaterial.uexp" 721
"../../../Engine/Content/EditorMaterials/PhAT_NoCollisionMaterial.uasset" 722
"../../../Engine/Content/EditorMaterials/PhAT_NoCollisionMaterial.uexp" 723
"../../../Engine/Content/EditorLandscapeResources/SplineEditorMeshMat.uasset" 724
"../../../Engine/Content/EditorLandscapeResources/SplineEditorMeshMat.uexp" 725
"../../../Engine/Content/EditorLandscapeResources/SplineEditorMesh.ubulk" 726
"../../../Engine/Content/EditorLandscapeResources/SplineEditorMesh.uasset" 727
"../../../Engine/Content/EditorLandscapeResources/SplineEditorMesh.uexp" 728
"../../../Engine/Content/EngineMaterials/DefaultMaterial.uasset" 729
"../../../Engine/Content/EngineMaterials/DefaultMaterial.uexp" 730
"../../../Engine/Content/BasicShapes/Sphere.ubulk" 731
"../../../Engine/Content/BasicShapes/Sphere.uasset" 732
"../../../Engine/Content/BasicShapes/Sphere.uexp" 733
"../../../Engine/Content/BasicShapes/Plane.ubulk" 734
"../../../Engine/Content/BasicShapes/Plane.uasset" 735
"../../../Engine/Content/BasicShapes/Plane.uexp" 736
"../../../Engine/Content/BasicShapes/Cylinder.ubulk" 737
"../../../Engine/Content/BasicShapes/Cylinder.uasset" 738
"../../../Engine/Content/BasicShapes/Cylinder.uexp" 739
"../../../Engine/Content/BasicShapes/Cube.ubulk" 740
"../../../Engine/Content/BasicShapes/Cube.uasset" 741
"../../../Engine/Content/BasicShapes/Cube.uexp" 742
"../../../Engine/Content/BasicShapes/Cone.ubulk" 743
"../../../Engine/Content/BasicShapes/Cone.uasset" 744
"../../../Engine/Content/BasicShapes/Cone.uexp" 745
"../../../Engine/Content/BasicShapes/BasicShapeMaterial.uasset" 746
"../../../Engine/Content/BasicShapes/BasicShapeMaterial.uexp" 747
"../../../Engine/Plugins/Interchange/Assets/Content/gltf/Textures/T_White_srgb.uasset" 748
"../../../Engine/Plugins/Interchange/Assets/Content/gltf/Textures/T_White_srgb.uexp" 749
"../../../Engine/Plugins/Interchange/Assets/Content/gltf/MaterialFunctions/MF_BaseColor.uasset" 750
"../../../Engine/Plugins/Interchange/Assets/Content/gltf/MaterialFunctions/MF_BaseColor.uexp" 751
"../../../Engine/Plugins/Interchange/Assets/Content/gltf/MaterialFunctions/MF_RotateV2.uasset" 752
"../../../Engine/Plugins/Interchange/Assets/Content/gltf/MaterialFunctions/MF_RotateV2.uexp" 753
"../../../Engine/Plugins/Interchange/Assets/Content/gltf/MaterialFunctions/MF_TransformUVs.uasset" 754
"../../../Engine/Plugins/Interchange/Assets/Content/gltf/MaterialFunctions/MF_TransformUVs.uexp" 755
"../../../Engine/Plugins/Interchange/Assets/Content/gltf/MaterialBodies/MF_Unlit_Body.uasset" 756
"../../../Engine/Plugins/Interchange/Assets/Content/gltf/MaterialBodies/MF_Unlit_Body.uexp" 757
"../../../Engine/Plugins/Interchange/Assets/Content/gltf/M_Unlit.uasset" 758
"../../../Engine/Plugins/Interchange/Assets/Content/gltf/M_Unlit.uexp" 759
"../../../Engine/Plugins/Interchange/Assets/Content/gltf/MaterialInstances/MI_Unlit_Opaque_DS.uasset" 760
"../../../Engine/Plugins/Interchange/Assets/Content/gltf/MaterialInstances/MI_Unlit_Opaque_DS.uexp" 761
"../../../Engine/Plugins/Interchange/Assets/Content/gltf/MaterialInstances/MI_Unlit_Opaque.uasset" 762
"../../../Engine/Plugins/Interchange/Assets/Content/gltf/MaterialInstances/MI_Unlit_Opaque.uexp" 763
"../../../Engine/Plugins/Interchange/Assets/Content/gltf/MaterialInstances/MI_Unlit_Mask_DS.uasset" 764
"../../../Engine/Plugins/Interchange/Assets/Content/gltf/MaterialInstances/MI_Unlit_Mask_DS.uexp" 765
"../../../Engine/Plugins/Interchange/Assets/Content/gltf/MaterialInstances/MI_Unlit_Mask.uasset" 766
"../../../Engine/Plugins/Interchange/Assets/Content/gltf/MaterialInstances/MI_Unlit_Mask.uexp" 767
"../../../Engine/Plugins/Interchange/Assets/Content/gltf/MaterialInstances/MI_Unlit_Blend_DS.uasset" 768
"../../../Engine/Plugins/Interchange/Assets/Content/gltf/MaterialInstances/MI_Unlit_Blend_DS.uexp" 769
"../../../Engine/Plugins/Interchange/Assets/Content/gltf/MaterialInstances/MI_Unlit_Blend.uasset" 770
"../../../Engine/Plugins/Interchange/Assets/Content/gltf/MaterialInstances/MI_Unlit_Blend.uexp" 771
"../../../Engine/Content/Functions/Engine_MaterialFunctions02/Math/Transform3x3Matrix.uasset" 772
"../../../Engine/Content/Functions/Engine_MaterialFunctions02/Math/Transform3x3Matrix.uexp" 773
"../../../Engine/Content/EngineMaterials/Good64x64TilingNoiseHighFreq.uasset" 774
"../../../Engine/Content/EngineMaterials/Good64x64TilingNoiseHighFreq.uexp" 775
"../../../Engine/Content/Functions/Engine_MaterialFunctions02/Texturing/ScreenAlignedPixelToPixelUVs.uasset" 776
"../../../Engine/Content/Functions/Engine_MaterialFunctions02/Texturing/ScreenAlignedPixelToPixelUVs.uexp" 777
"../../../Engine/Plugins/Interchange/Assets/Content/gltf/MaterialFunctions/MF_Temporal_Blur.uasset" 778
"../../../Engine/Plugins/Interchange/Assets/Content/gltf/MaterialFunctions/MF_Temporal_Blur.uexp" 779
"../../../Engine/Plugins/Interchange/Assets/Content/gltf/MaterialFunctions/MF_Specular.uasset" 780
"../../../Engine/Plugins/Interchange/Assets/Content/gltf/MaterialFunctions/MF_Specular.uexp" 781
"../../../Engine/Plugins/Interchange/Assets/Content/gltf/Textures/T_Anisotropy_Direction_Linear.uasset" 782
"../../../Engine/Plugins/Interchange/Assets/Content/gltf/Textures/T_Anisotropy_Direction_Linear.uexp" 783
"../../../Engine/Plugins/Interchange/Assets/Content/gltf/MaterialFunctions/MF_SpecularAnisotropy.uasset" 784
"../../../Engine/Plugins/Interchange/Assets/Content/gltf/MaterialFunctions/MF_SpecularAnisotropy.uexp" 785
"../../../Engine/Plugins/Interchange/Assets/Content/gltf/Textures/T_White_Linear.uasset" 786
"../../../Engine/Plugins/Interchange/Assets/Content/gltf/Textures/T_White_Linear.uexp" 787
"../../../Engine/Plugins/Interchange/Assets/Content/gltf/MaterialFunctions/MF_MetallicRoughness.uasset" 788
"../../../Engine/Plugins/Interchange/Assets/Content/gltf/MaterialFunctions/MF_MetallicRoughness.uexp" 789
"../../../Engine/Plugins/Interchange/Assets/Content/gltf/Textures/T_Generic_N.uasset" 790
"../../../Engine/Plugins/Interchange/Assets/Content/gltf/Textures/T_Generic_N.uexp" 791
"../../../Engine/Plugins/Interchange/Assets/Content/gltf/MaterialFunctions/MF_ScaleNormal.uasset" 792
"../../../Engine/Plugins/Interchange/Assets/Content/gltf/MaterialFunctions/MF_ScaleNormal.uexp" 793
"../../../Engine/Plugins/Interchange/Assets/Content/gltf/MaterialFunctions/MF_Fresnel_DS.uasset" 794
"../../../Engine/Plugins/Interchange/Assets/Content/gltf/MaterialFunctions/MF_Fresnel_DS.uexp" 795
"../../../Engine/Plugins/Interchange/Assets/Content/gltf/MaterialFunctions/MF_Iridescence.uasset" 796
"../../../Engine/Plugins/Interchange/Assets/Content/gltf/MaterialFunctions/MF_Iridescence.uexp" 797
"../../../Engine/Plugins/Interchange/Assets/Content/gltf/MaterialFunctions/MF_Occlusion.uasset" 798
"../../../Engine/Plugins/Interchange/Assets/Content/gltf/MaterialFunctions/MF_Occlusion.uexp" 799
"../../../Engine/Plugins/Interchange/Assets/Content/gltf/MaterialFunctions/MF_IOR.uasset" 800
"../../../Engine/Plugins/Interchange/Assets/Content/gltf/MaterialFunctions/MF_IOR.uexp" 801
"../../../Engine/Plugins/Interchange/Assets/Content/gltf/MaterialFunctions/MF_Transmission.uasset" 802
"../../../Engine/Plugins/Interchange/Assets/Content/gltf/MaterialFunctions/MF_Transmission.uexp" 803
"../../../Engine/Plugins/Interchange/Assets/Content/gltf/MaterialFunctions/MF_RotateNormals_TS.uasset" 804
"../../../Engine/Plugins/Interchange/Assets/Content/gltf/MaterialFunctions/MF_RotateNormals_TS.uexp" 805
"../../../Engine/Plugins/Interchange/Assets/Content/gltf/MaterialFunctions/MF_Normals.uasset" 806
"../../../Engine/Plugins/Interchange/Assets/Content/gltf/MaterialFunctions/MF_Normals.uexp" 807
"../../../Engine/Plugins/Interchange/Assets/Content/gltf/MaterialBodies/MF_Transmission_Body.uasset" 808
"../../../Engine/Plugins/Interchange/Assets/Content/gltf/MaterialBodies/MF_Transmission_Body.uexp" 809
"../../../Engine/Plugins/Interchange/Assets/Content/gltf/M_Transmission.uasset" 810
"../../../Engine/Plugins/Interchange/Assets/Content/gltf/M_Transmission.uexp" 811
"../../../Engine/Plugins/Interchange/Assets/Content/gltf/MaterialInstances/MI_Transmission_DS.uasset" 812
"../../../Engine/Plugins/Interchange/Assets/Content/gltf/MaterialInstances/MI_Transmission_DS.uexp" 813
"../../../Engine/Content/Functions/Engine_MaterialFunctions02/Math/AddComponents.uasset" 814
"../../../Engine/Content/Functions/Engine_MaterialFunctions02/Math/AddComponents.uexp" 815
"../../../Engine/Plugins/Interchange/Assets/Content/gltf/MaterialFunctions/MF_DiffuseSpecGloss.uasset" 816
"../../../Engine/Plugins/Interchange/Assets/Content/gltf/MaterialFunctions/MF_DiffuseSpecGloss.uexp" 817
"../../../Engine/Plugins/Interchange/Assets/Content/gltf/MaterialFunctions/MF_Emissive.uasset" 818
"../../../Engine/Plugins/Interchange/Assets/Content/gltf/MaterialFunctions/MF_Emissive.uexp" 819
"../../../Engine/Plugins/Interchange/Assets/Content/gltf/MaterialFunctions/MF_PerceivedBrightness.uasset" 820
"../../../Engine/Plugins/Interchange/Assets/Content/gltf/MaterialFunctions/MF_PerceivedBrightness.uexp" 821
"../../../Engine/Plugins/Interchange/Assets/Content/gltf/MaterialFunctions/MF_SpecGlossToMetalRoughness.uasset" 822
"../../../Engine/Plugins/Interchange/Assets/Content/gltf/MaterialFunctions/MF_SpecGlossToMetalRoughness.uexp" 823
"../../../Engine/Plugins/Interchange/Assets/Content/gltf/MaterialFunctions/MF_MaxComponentValue.uasset" 824
"../../../Engine/Plugins/Interchange/Assets/Content/gltf/MaterialFunctions/MF_MaxComponentValue.uexp" 825
"../../../Engine/Plugins/Interchange/Assets/Content/gltf/MaterialBodies/MF_SpecularGlossiness_Body.uasset" 826
"../../../Engine/Plugins/Interchange/Assets/Content/gltf/MaterialBodies/MF_SpecularGlossiness_Body.uexp" 827
"../../../Engine/Plugins/Interchange/Assets/Content/gltf/M_SpecularGlossiness.uasset" 828
"../../../Engine/Plugins/Interchange/Assets/Content/gltf/M_SpecularGlossiness.uexp" 829
"../../../Engine/Plugins/Interchange/Assets/Content/gltf/MaterialInstances/MI_SpecularGlossiness_Opaque_DS.uasset" 830
"../../../Engine/Plugins/Interchange/Assets/Content/gltf/MaterialInstances/MI_SpecularGlossiness_Opaque_DS.uexp" 831
"../../../Engine/Plugins/Interchange/Assets/Content/gltf/MaterialInstances/MI_SpecularGlossiness_Opaque.uasset" 832
"../../../Engine/Plugins/Interchange/Assets/Content/gltf/MaterialInstances/MI_SpecularGlossiness_Opaque.uexp" 833
"../../../Engine/Plugins/Interchange/Assets/Content/gltf/MaterialInstances/MI_SpecularGlossiness_Mask_DS.uasset" 834
"../../../Engine/Plugins/Interchange/Assets/Content/gltf/MaterialInstances/MI_SpecularGlossiness_Mask_DS.uexp" 835
"../../../Engine/Plugins/Interchange/Assets/Content/gltf/MaterialInstances/MI_SpecularGlossiness_Mask.uasset" 836
"../../../Engine/Plugins/Interchange/Assets/Content/gltf/MaterialInstances/MI_SpecularGlossiness_Mask.uexp" 837
"../../../Engine/Plugins/Interchange/Assets/Content/gltf/MaterialInstances/MI_SpecularGlossiness_Blend_DS.uasset" 838
"../../../Engine/Plugins/Interchange/Assets/Content/gltf/MaterialInstances/MI_SpecularGlossiness_Blend_DS.uexp" 839
"../../../Engine/Plugins/Interchange/Assets/Content/gltf/MaterialInstances/MI_SpecularGlossiness_Blend.uasset" 840
"../../../Engine/Plugins/Interchange/Assets/Content/gltf/MaterialInstances/MI_SpecularGlossiness_Blend.uexp" 841
"../../../Engine/Plugins/Interchange/Assets/Content/gltf/MaterialFunctions/MF_Sheen.uasset" 842
"../../../Engine/Plugins/Interchange/Assets/Content/gltf/MaterialFunctions/MF_Sheen.uexp" 843
"../../../Engine/Plugins/Interchange/Assets/Content/gltf/MaterialBodies/MF_Sheen_Body.uasset" 844
"../../../Engine/Plugins/Interchange/Assets/Content/gltf/MaterialBodies/MF_Sheen_Body.uexp" 845
"../../../Engine/Plugins/Interchange/Assets/Content/gltf/M_Sheen.uasset" 846
"../../../Engine/Plugins/Interchange/Assets/Content/gltf/M_Sheen.uexp" 847
"../../../Engine/Plugins/Interchange/Assets/Content/gltf/MaterialInstances/MI_Sheen_Opaque_DS.uasset" 848
"../../../Engine/Plugins/Interchange/Assets/Content/gltf/MaterialInstances/MI_Sheen_Opaque_DS.uexp" 849
"../../../Engine/Plugins/Interchange/Assets/Content/gltf/MaterialInstances/MI_Sheen_Opaque.uasset" 850
"../../../Engine/Plugins/Interchange/Assets/Content/gltf/MaterialInstances/MI_Sheen_Opaque.uexp" 851
"../../../Engine/Plugins/Interchange/Assets/Content/gltf/MaterialInstances/MI_Sheen_Mask_DS.uasset" 852
"../../../Engine/Plugins/Interchange/Assets/Content/gltf/MaterialInstances/MI_Sheen_Mask_DS.uexp" 853
"../../../Engine/Plugins/Interchange/Assets/Content/gltf/MaterialInstances/MI_Sheen_Mask.uasset" 854
"../../../Engine/Plugins/Interchange/Assets/Content/gltf/MaterialInstances/MI_Sheen_Mask.uexp" 855
"../../../Engine/Plugins/Interchange/Assets/Content/gltf/MaterialInstances/MI_Sheen_Blend_DS.uasset" 856
"../../../Engine/Plugins/Interchange/Assets/Content/gltf/MaterialInstances/MI_Sheen_Blend_DS.uexp" 857
"../../../Engine/Plugins/Interchange/Assets/Content/gltf/MaterialInstances/MI_Sheen_Blend.uasset" 858
"../../../Engine/Plugins/Interchange/Assets/Content/gltf/MaterialInstances/MI_Sheen_Blend.uexp" 859
"../../../Engine/Plugins/Interchange/Assets/Content/gltf/MaterialBodies/MF_Default_Body.uasset" 860
"../../../Engine/Plugins/Interchange/Assets/Content/gltf/MaterialBodies/MF_Default_Body.uexp" 861
"../../../Engine/Plugins/Interchange/Assets/Content/gltf/M_Default.uasset" 862
"../../../Engine/Plugins/Interchange/Assets/Content/gltf/M_Default.uexp" 863
"../../../Engine/Plugins/Interchange/Assets/Content/gltf/MaterialInstances/MI_Default_Opaque.uasset" 864
"../../../Engine/Plugins/Interchange/Assets/Content/gltf/MaterialInstances/MI_Default_Opaque.uexp" 865
"../../../Engine/Plugins/Interchange/Assets/Content/gltf/MaterialInstances/MI_Default_Mask_DS.uasset" 866
"../../../Engine/Plugins/Interchange/Assets/Content/gltf/MaterialInstances/MI_Default_Mask_DS.uexp" 867
"../../../Engine/Plugins/Interchange/Assets/Content/gltf/MaterialInstances/MI_Default_Mask.uasset" 868
"../../../Engine/Plugins/Interchange/Assets/Content/gltf/MaterialInstances/MI_Default_Mask.uexp" 869
"../../../Engine/Plugins/Interchange/Assets/Content/gltf/MaterialInstances/MI_Default_Blend.uasset" 870
"../../../Engine/Plugins/Interchange/Assets/Content/gltf/MaterialInstances/MI_Default_Blend.uexp" 871
"../../../Engine/Content/Functions/Engine_MaterialFunctions01/Texturing/FlattenNormal.uasset" 872
"../../../Engine/Content/Functions/Engine_MaterialFunctions01/Texturing/FlattenNormal.uexp" 873
"../../../Engine/Plugins/Interchange/Assets/Content/gltf/MaterialFunctions/MF_Clearcoat.uasset" 874
"../../../Engine/Plugins/Interchange/Assets/Content/gltf/MaterialFunctions/MF_Clearcoat.uexp" 875
"../../../Engine/Plugins/Interchange/Assets/Content/gltf/MaterialBodies/MF_ClearCoat_Body.uasset" 876
"../../../Engine/Plugins/Interchange/Assets/Content/gltf/MaterialBodies/MF_ClearCoat_Body.uexp" 877
"../../../Engine/Plugins/Interchange/Assets/Content/gltf/M_ClearCoat.uasset" 878
"../../../Engine/Plugins/Interchange/Assets/Content/gltf/M_ClearCoat.uexp" 879
"../../../Engine/Plugins/Interchange/Assets/Content/gltf/MaterialInstances/MI_ClearCoat_Opaque_DS.uasset" 880
"../../../Engine/Plugins/Interchange/Assets/Content/gltf/MaterialInstances/MI_ClearCoat_Opaque_DS.uexp" 881
"../../../Engine/Plugins/Interchange/Assets/Content/gltf/MaterialInstances/MI_ClearCoat_Opaque.uasset" 882
"../../../Engine/Plugins/Interchange/Assets/Content/gltf/MaterialInstances/MI_ClearCoat_Opaque.uexp" 883
"../../../Engine/Plugins/Interchange/Assets/Content/gltf/MaterialInstances/MI_ClearCoat_Mask_DS.uasset" 884
"../../../Engine/Plugins/Interchange/Assets/Content/gltf/MaterialInstances/MI_ClearCoat_Mask_DS.uexp" 885
"../../../Engine/Plugins/Interchange/Assets/Content/gltf/MaterialInstances/MI_ClearCoat_Mask.uasset" 886
"../../../Engine/Plugins/Interchange/Assets/Content/gltf/MaterialInstances/MI_ClearCoat_Mask.uexp" 887
"../../../Engine/Plugins/Interchange/Assets/Content/gltf/MaterialInstances/MI_ClearCoat_Blend_DS.uasset" 888
"../../../Engine/Plugins/Interchange/Assets/Content/gltf/MaterialInstances/MI_ClearCoat_Blend_DS.uexp" 889
"../../../Engine/Plugins/Interchange/Assets/Content/gltf/MaterialInstances/MI_ClearCoat_Blend.uasset" 890
"../../../Engine/Plugins/Interchange/Assets/Content/gltf/MaterialInstances/MI_ClearCoat_Blend.uexp" 891
"../../../Engine/Content/VREditor/TransformGizmo/Main.uasset" 892
"../../../Engine/Content/VREditor/TransformGizmo/Main.uexp" 893
"../../../Engine/Content/VREditor/TransformGizmo/Xray.uasset" 894
"../../../Engine/Content/VREditor/TransformGizmo/Xray.uexp" 895
"../../../Engine/Content/VREditor/TransformGizmo/SM_Sequencer_Node.ubulk" 896
"../../../Engine/Content/VREditor/TransformGizmo/SM_Sequencer_Node.uasset" 897
"../../../Engine/Content/VREditor/TransformGizmo/SM_Sequencer_Node.uexp" 898
"../../../Engine/Content/VREditor/LaserPointer/VR_LaserPower_01.ubulk" 899
"../../../Engine/Content/VREditor/LaserPointer/VR_LaserPower_01.uasset" 900
"../../../Engine/Content/VREditor/LaserPointer/VR_LaserPower_01.uexp" 901
"../../../Engine/Content/VREditor/TransformGizmo/TransformGizmoMaterial.uasset" 902
"../../../Engine/Content/VREditor/TransformGizmo/TransformGizmoMaterial.uexp" 903
"../../../Engine/Content/VREditor/TransformGizmo/TranslucentTransformGizmoMaterial.uasset" 904
"../../../Engine/Content/VREditor/TransformGizmo/TranslucentTransformGizmoMaterial.uexp" 905
"../../../Engine/Content/VREditor/TransformGizmo/BoundingBoxEdge.ubulk" 906
"../../../Engine/Content/VREditor/TransformGizmo/BoundingBoxEdge.uasset" 907
"../../../Engine/Content/VREditor/TransformGizmo/BoundingBoxEdge.uexp" 908
"../../../Engine/Content/VREditor/TransformGizmo/BoundingBoxCorner.ubulk" 909
"../../../Engine/Content/VREditor/TransformGizmo/BoundingBoxCorner.uasset" 910
"../../../Engine/Content/VREditor/TransformGizmo/BoundingBoxCorner.uexp" 911
"../../../Engine/Content/EngineSky/VolumetricClouds/T_CloudMask.ubulk" 912
"../../../Engine/Content/EngineSky/VolumetricClouds/T_CloudMask.uasset" 913
"../../../Engine/Content/EngineSky/VolumetricClouds/T_CloudMask.uexp" 914
"../../../Engine/Content/EngineSky/VolumetricClouds/VT_Lightning.uasset" 915
"../../../Engine/Content/EngineSky/VolumetricClouds/VT_Lightning.uexp" 916
"../../../Engine/Content/EngineSky/VolumetricClouds/T_Profile_08.ubulk" 917
"../../../Engine/Content/EngineSky/VolumetricClouds/T_Profile_08.uasset" 918
"../../../Engine/Content/EngineSky/VolumetricClouds/T_Profile_08.uexp" 919
"../../../Engine/Content/Functions/Engine_MaterialFunctions02/Utility/MakeFloat4.uasset" 920
"../../../Engine/Content/Functions/Engine_MaterialFunctions02/Utility/MakeFloat4.uexp" 921
"../../../Engine/Content/Functions/Engine_MaterialFunctions01/Units/Km-to-Cm.uasset" 922
"../../../Engine/Content/Functions/Engine_MaterialFunctions01/Units/Km-to-Cm.uexp" 923
"../../../Engine/Content/Functions/Engine_MaterialFunctions02/Utility/BreakOutFloat4Components.uasset" 924
"../../../Engine/Content/Functions/Engine_MaterialFunctions02/Utility/BreakOutFloat4Components.uexp" 925
"../../../Engine/Content/EngineSky/VolumetricClouds/T_CloudPattern.ubulk" 926
"../../../Engine/Content/EngineSky/VolumetricClouds/T_CloudPattern.uasset" 927
"../../../Engine/Content/EngineSky/VolumetricClouds/T_CloudPattern.uexp" 928
"../../../Engine/Content/EngineSky/VolumetricClouds/VT_PerlinWorley_Balanced.uasset" 929
"../../../Engine/Content/EngineSky/VolumetricClouds/VT_PerlinWorley_Balanced.uexp" 930
"../../../Engine/Content/EngineSky/VolumetricClouds/m_SimpleVolumetricCloud.uasset" 931
"../../../Engine/Content/EngineSky/VolumetricClouds/m_SimpleVolumetricCloud.uexp" 932
"../../../Engine/Content/EngineSky/VolumetricClouds/m_SimpleVolumetricCloud_Inst.uasset" 933
"../../../Engine/Content/EngineSky/VolumetricClouds/m_SimpleVolumetricCloud_Inst.uexp" 934
"../../../Engine/Content/EditorMaterials/Camera/CineMat.uasset" 935
"../../../Engine/Content/EditorMaterials/Camera/CineMat.uexp" 936
"../../../Engine/Content/EditorMaterials/Camera/MI_CineMat_Rig.uasset" 937
"../../../Engine/Content/EditorMaterials/Camera/MI_CineMat_Rig.uexp" 938
"../../../Engine/Content/EditorMeshes/Camera/SM_RailRig_Track.ubulk" 939
"../../../Engine/Content/EditorMeshes/Camera/SM_RailRig_Track.uasset" 940
"../../../Engine/Content/EditorMeshes/Camera/SM_RailRig_Track.uexp" 941
"../../../Engine/Content/EditorMeshes/Camera/SM_RailRig_Mount.ubulk" 942
"../../../Engine/Content/EditorMeshes/Camera/SM_RailRig_Mount.uasset" 943
"../../../Engine/Content/EditorMeshes/Camera/SM_RailRig_Mount.uexp" 944
"../../../Engine/Content/EditorMeshes/Camera/SM_CraneRig_Mount.ubulk" 945
"../../../Engine/Content/EditorMeshes/Camera/SM_CraneRig_Mount.uasset" 946
"../../../Engine/Content/EditorMeshes/Camera/SM_CraneRig_Mount.uexp" 947
"../../../Engine/Content/EditorMeshes/Camera/SM_CraneRig_Body.ubulk" 948
"../../../Engine/Content/EditorMeshes/Camera/SM_CraneRig_Body.uasset" 949
"../../../Engine/Content/EditorMeshes/Camera/SM_CraneRig_Body.uexp" 950
"../../../Engine/Content/EditorMeshes/Camera/SM_CraneRig_Base.ubulk" 951
"../../../Engine/Content/EditorMeshes/Camera/SM_CraneRig_Base.uasset" 952
"../../../Engine/Content/EditorMeshes/Camera/SM_CraneRig_Base.uexp" 953
"../../../Engine/Content/EditorMeshes/Camera/SM_CraneRig_Arm.ubulk" 954
"../../../Engine/Content/EditorMeshes/Camera/SM_CraneRig_Arm.uasset" 955
"../../../Engine/Content/EditorMeshes/Camera/SM_CraneRig_Arm.uexp" 956
"../../../Engine/Content/EditorMaterials/Dataflow/DataflowVertexMaterial.uasset" 957
"../../../Engine/Content/EditorMaterials/Dataflow/DataflowVertexMaterial.uexp" 958
"../../../Engine/Content/EditorMaterials/Dataflow/DataflowTwoSidedVertexMaterial.uasset" 959
"../../../Engine/Content/EditorMaterials/Dataflow/DataflowTwoSidedVertexMaterial.uexp" 960
"../../../Engine/Content/EngineMaterials/Substrate/GLints/AGlintTex2dArray.uasset" 961
"../../../Engine/Content/EngineMaterials/Substrate/GLints/AGlintTex2dArray.uexp" 962
"../../../Engine/Content/ArtTools/RenderToTexture/Meshes/S_1_Unit_Plane.ubulk" 963
"../../../Engine/Content/ArtTools/RenderToTexture/Meshes/S_1_Unit_Plane.uasset" 964
"../../../Engine/Content/ArtTools/RenderToTexture/Meshes/S_1_Unit_Plane.uexp" 965
"../../../Engine/Content/EngineMaterials/Substrate/GLints2/AGlintTex2dArray2.uasset" 966
"../../../Engine/Content/EngineMaterials/Substrate/GLints2/AGlintTex2dArray2.uexp" 967
<<<<<<< HEAD
<<<<<<< HEAD
>>>>>>> 2c9e8ed0d98f5279aca5a3703af2be7690b3cd9d
=======
>>>>>>> 2c9e8ed0d98f5279aca5a3703af2be7690b3cd9d
=======
>>>>>>> 2c9e8ed0d98f5279aca5a3703af2be7690b3cd9d
"../../../Engine/Plugins/NNE/NNEDenoiser/Content/NNE_oidn2-3-0_rt_hdr_calb_cnrm_large__dyn__fp16_opset11_ForwardAlpha.uasset" 968
"../../../Engine/Plugins/NNE/NNEDenoiser/Content/NNE_oidn2-3-0_rt_hdr_calb_cnrm_large__dyn__fp16_opset11_ForwardAlpha.uexp" 969
"../../../Engine/Plugins/NNE/NNEDenoiser/Content/NNE_oidn2-3-0_rt_hdr_calb_cnrm_large__dyn__fp16_opset11_DenoiseAlpha.uasset" 970
"../../../Engine/Plugins/NNE/NNEDenoiser/Content/NNE_oidn2-3-0_rt_hdr_calb_cnrm_large__dyn__fp16_opset11_DenoiseAlpha.uexp" 971
"../../../Engine/Plugins/NNE/NNEDenoiser/Content/NNE_oidn2-3-0_rt_hdr_alb_nrm__dyn__fp16_opset11_ForwardAlpha.uasset" 972
"../../../Engine/Plugins/NNE/NNEDenoiser/Content/NNE_oidn2-3-0_rt_hdr_alb_nrm__dyn__fp16_opset11_ForwardAlpha.uexp" 973
"../../../Engine/Plugins/NNE/NNEDenoiser/Content/NNE_oidn2-3-0_rt_hdr_alb_nrm__dyn__fp16_opset11_DenoiseAlpha.uasset" 974
"../../../Engine/Plugins/NNE/NNEDenoiser/Content/NNE_oidn2-3-0_rt_hdr_alb_nrm__dyn__fp16_opset11_DenoiseAlpha.uexp" 975
"../../../Engine/Plugins/NNE/NNEDenoiser/Content/NNE_oidn2-3-0_rt_hdr_alb_nrm_small__dyn__fp16_opset11_ForwardAlpha.uasset" 976
"../../../Engine/Plugins/NNE/NNEDenoiser/Content/NNE_oidn2-3-0_rt_hdr_alb_nrm_small__dyn__fp16_opset11_ForwardAlpha.uexp" 977
"../../../Engine/Plugins/NNE/NNEDenoiser/Content/NNE_oidn2-3-0_rt_hdr_alb_nrm_small__dyn__fp16_opset11_DenoiseAlpha.uasset" 978
"../../../Engine/Plugins/NNE/NNEDenoiser/Content/NNE_oidn2-3-0_rt_hdr_alb_nrm_small__dyn__fp16_opset11_DenoiseAlpha.uexp" 979
"../../../Engine/Plugins/NNE/NNEDenoiser/Content/NNED_Oidn2-3_HighQuality_Alpha.uasset" 980
"../../../Engine/Plugins/NNE/NNEDenoiser/Content/NNED_Oidn2-3_HighQuality_Alpha.uexp" 981
"../../../Engine/Plugins/NNE/NNEDenoiser/Content/NNED_Oidn2-3_HighQuality.uasset" 982
"../../../Engine/Plugins/NNE/NNEDenoiser/Content/NNED_Oidn2-3_HighQuality.uexp" 983
"../../../Engine/Plugins/NNE/NNEDenoiser/Content/NNED_Oidn2-3_Fast_Alpha.uasset" 984
"../../../Engine/Plugins/NNE/NNEDenoiser/Content/NNED_Oidn2-3_Fast_Alpha.uexp" 985
"../../../Engine/Plugins/NNE/NNEDenoiser/Content/NNED_Oidn2-3_Fast.uasset" 986
"../../../Engine/Plugins/NNE/NNEDenoiser/Content/NNED_Oidn2-3_Fast.uexp" 987
"../../../Engine/Plugins/NNE/NNEDenoiser/Content/NNED_Oidn2-3_Balanced_Alpha.uasset" 988
"../../../Engine/Plugins/NNE/NNEDenoiser/Content/NNED_Oidn2-3_Balanced_Alpha.uexp" 989
"../../../Engine/Plugins/NNE/NNEDenoiser/Content/NNED_Oidn2-3_Balanced.uasset" 990
"../../../Engine/Plugins/NNE/NNEDenoiser/Content/NNED_Oidn2-3_Balanced.uexp" 991
"../../../Engine/Plugins/NNE/NNEDenoiser/Content/NNEDT_Oidn2-3_Balanced_Alpha.uasset" 992
"../../../Engine/Plugins/NNE/NNEDenoiser/Content/NNEDT_Oidn2-3_Balanced_Alpha.uexp" 993
"../../../Engine/Plugins/NNE/NNEDenoiser/Content/NNEDT_Oidn2-3_Balanced.uasset" 994
"../../../Engine/Plugins/NNE/NNEDenoiser/Content/NNEDT_Oidn2-3_Balanced.uexp" 995
"../../../Engine/Plugins/Animation/DeformerGraph/Content/Deformers/DG_LinearBlendSkin_Morph_Cloth_RecomputeNormals.uasset" 996
"../../../Engine/Plugins/Animation/DeformerGraph/Content/Deformers/DG_LinearBlendSkin_Morph_Cloth_RecomputeNormals.uexp" 997
"../../../Engine/Plugins/Animation/DeformerGraph/Content/Deformers/DG_LinearBlendSkin_Morph_Cloth.uasset" 998
"../../../Engine/Plugins/Animation/DeformerGraph/Content/Deformers/DG_LinearBlendSkin_Morph_Cloth.uexp" 999
"../../../Engine/Plugins/Animation/DeformerGraph/Content/DeformerFunctions/DG_Function_LinearBlendSkin_Morph_Cloth_PositionOnly.uasset" 1000
"../../../Engine/Plugins/Animation/DeformerGraph/Content/DeformerFunctions/DG_Function_LinearBlendSkin_Morph_Cloth_PositionOnly.uexp" 1001
"../../../Engine/Plugins/Animation/DeformerGraph/Content/DeformerFunctions/DG_Function_LinearBlendSkin_Morph_Cloth.uasset" 1002
"../../../Engine/Plugins/Animation/DeformerGraph/Content/DeformerFunctions/DG_Function_LinearBlendSkin_Morph_Cloth.uexp" 1003
"../../../Engine/Plugins/Animation/DeformerGraph/Content/DeformerFunctions/DG_Function_ComputeNormalsTangents.uasset" 1004
"../../../Engine/Plugins/Animation/DeformerGraph/Content/DeformerFunctions/DG_Function_ComputeNormalsTangents.uexp" 1005
"../../../Engine/Content/VREditor/TransformGizmo/StartRotationHandleIndicator.ubulk" 1006
"../../../Engine/Content/VREditor/TransformGizmo/StartRotationHandleIndicator.uasset" 1007
"../../../Engine/Content/VREditor/TransformGizmo/StartRotationHandleIndicator.uexp" 1008
"../../../Engine/Content/VREditor/Sounds/UI/Drop_Item_From_ContentBrowser.ubulk" 1009
"../../../Engine/Content/VREditor/Sounds/UI/Drop_Item_From_ContentBrowser.uasset" 1010
"../../../Engine/Content/VREditor/Sounds/UI/Drop_Item_From_ContentBrowser.uexp" 1011
"../../../Engine/Content/VREditor/TransformGizmo/PlaneTranslationHandle.ubulk" 1012
"../../../Engine/Content/VREditor/TransformGizmo/PlaneTranslationHandle.uasset" 1013
"../../../Engine/Content/VREditor/TransformGizmo/PlaneTranslationHandle.uexp" 1014
"../../../Engine/Content/VREditor/Sounds/UI/Object_Snaps_To_Grid.ubulk" 1015
"../../../Engine/Content/VREditor/Sounds/UI/Object_Snaps_To_Grid.uasset" 1016
"../../../Engine/Content/VREditor/Sounds/UI/Object_Snaps_To_Grid.uexp" 1017
"../../../Engine/Content/VREditor/Sounds/UI/Selection_Changes.ubulk" 1018
"../../../Engine/Content/VREditor/Sounds/UI/Selection_Changes.uasset" 1019
"../../../Engine/Content/VREditor/Sounds/UI/Selection_Changes.uexp" 1020
"../../../Engine/Content/VREditor/Sounds/UI/Object_Snaps_To_Another_Actor.ubulk" 1021
"../../../Engine/Content/VREditor/Sounds/UI/Object_Snaps_To_Another_Actor.uasset" 1022
"../../../Engine/Content/VREditor/Sounds/UI/Object_Snaps_To_Another_Actor.uexp" 1023
"../../../Engine/Content/VREditor/TransformGizmo/TranslucentTransformGizmoMaterial_Inst.uasset" 1024
"../../../Engine/Content/VREditor/TransformGizmo/TranslucentTransformGizmoMaterial_Inst.uexp" 1025
"../../../Engine/Content/VREditor/TransformGizmo/TransformGizmoFreeRotation.ubulk" 1026
"../../../Engine/Content/VREditor/TransformGizmo/TransformGizmoFreeRotation.uasset" 1027
"../../../Engine/Content/VREditor/TransformGizmo/TransformGizmoFreeRotation.uexp" 1028
"../../../Engine/Content/VREditor/Sounds/UI/Scaling_Down.ubulk" 1029
"../../../Engine/Content/VREditor/Sounds/UI/Scaling_Down.uasset" 1030
"../../../Engine/Content/VREditor/Sounds/UI/Scaling_Down.uexp" 1031
"../../../Engine/Content/Functions/Engine_MaterialFunctions02/SplitComponents.uasset" 1032
"../../../Engine/Content/Functions/Engine_MaterialFunctions02/SplitComponents.uexp" 1033
"../../../Engine/Content/VREditor/SnapGrid/SnapGridMaterial.uasset" 1034
"../../../Engine/Content/VREditor/SnapGrid/SnapGridMaterial.uexp" 1035
"../../../Engine/Content/VREditor/SnapGrid/SnapGridPlaneMesh.ubulk" 1036
"../../../Engine/Content/VREditor/SnapGrid/SnapGridPlaneMesh.uasset" 1037
"../../../Engine/Content/VREditor/SnapGrid/SnapGridPlaneMesh.uexp" 1038
"../../../Engine/Content/VREditor/Sounds/UI/Scaling_Up.ubulk" 1039
"../../../Engine/Content/VREditor/Sounds/UI/Scaling_Up.uasset" 1040
"../../../Engine/Content/VREditor/Sounds/UI/Scaling_Up.uexp" 1041
"../../../Engine/Content/VREditor/TransformGizmo/TransformGizmoMaterial_Inst.uasset" 1042
"../../../Engine/Content/VREditor/TransformGizmo/TransformGizmoMaterial_Inst.uexp" 1043
"../../../Engine/Content/VREditor/Sounds/UI/Gizmo_Handle_Clicked.ubulk" 1044
"../../../Engine/Content/VREditor/Sounds/UI/Gizmo_Handle_Clicked.uasset" 1045
"../../../Engine/Content/VREditor/Sounds/UI/Gizmo_Handle_Clicked.uexp" 1046
"../../../Engine/Content/VREditor/TransformGizmo/RotationHandleQuarter.ubulk" 1047
"../../../Engine/Content/VREditor/TransformGizmo/RotationHandleQuarter.uasset" 1048
"../../../Engine/Content/VREditor/TransformGizmo/RotationHandleQuarter.uexp" 1049
"../../../Engine/Content/VREditor/TransformGizmo/TranslateArrowHandle.ubulk" 1050
"../../../Engine/Content/VREditor/TransformGizmo/TranslateArrowHandle.uasset" 1051
"../../../Engine/Content/VREditor/TransformGizmo/TranslateArrowHandle.uexp" 1052
"../../../Engine/Content/VREditor/TransformGizmo/RotationHandleIndicator.ubulk" 1053
"../../../Engine/Content/VREditor/TransformGizmo/RotationHandleIndicator.uasset" 1054
"../../../Engine/Content/VREditor/TransformGizmo/RotationHandleIndicator.uexp" 1055
"../../../Engine/Content/VREditor/TransformGizmo/UniformScaleHandle.ubulk" 1056
"../../../Engine/Content/VREditor/TransformGizmo/UniformScaleHandle.uasset" 1057
"../../../Engine/Content/VREditor/TransformGizmo/UniformScaleHandle.uexp" 1058
"../../../Engine/Content/VREditor/TransformGizmo/RotationHandleFull.ubulk" 1059
"../../../Engine/Content/VREditor/TransformGizmo/RotationHandleFull.uasset" 1060
"../../../Engine/Content/VREditor/TransformGizmo/RotationHandleFull.uexp" 1061
"../../../Engine/Content/VREditor/Sounds/UI/Object_PickUp.ubulk" 1062
"../../../Engine/Content/VREditor/Sounds/UI/Object_PickUp.uasset" 1063
"../../../Engine/Content/VREditor/Sounds/UI/Object_PickUp.uexp" 1064
"../../../Engine/Content/EngineResources/LandscapeVisibilityLayerInfo.uasset" 1065
"../../../Engine/Content/EngineResources/LandscapeVisibilityLayerInfo.uexp" 1066
"D:/university work/Little Nightmares 2 UNI PROJECT CLIENT/unreal/Client-brief/Client-brief/ClientBrief1/Content/3DModels/Fireplace/FireplaceSoftened_Skeleton.uasset" 1067
"D:/university work/Little Nightmares 2 UNI PROJECT CLIENT/unreal/Client-brief/Client-brief/ClientBrief1/Content/3DModels/Fireplace/FireplaceSoftened_Skeleton.uexp" 1068
"D:/university work/Little Nightmares 2 UNI PROJECT CLIENT/unreal/Client-brief/Client-brief/ClientBrief1/Content/3DModels/Fireplace/FireplaceSoftened_PhysicsAsset.uasset" 1069
"D:/university work/Little Nightmares 2 UNI PROJECT CLIENT/unreal/Client-brief/Client-brief/ClientBrief1/Content/3DModels/Fireplace/FireplaceSoftened_PhysicsAsset.uexp" 1070
"D:/university work/Little Nightmares 2 UNI PROJECT CLIENT/unreal/Client-brief/Client-brief/ClientBrief1/Content/3DModels/Fireplace/standardSurface1.uasset" 1071
"D:/university work/Little Nightmares 2 UNI PROJECT CLIENT/unreal/Client-brief/Client-brief/ClientBrief1/Content/3DModels/Fireplace/standardSurface1.uexp" 1072
"D:/university work/Little Nightmares 2 UNI PROJECT CLIENT/unreal/Client-brief/Client-brief/ClientBrief1/Content/3DModels/Fireplace/FireplaceSoftened.uasset" 1073
"D:/university work/Little Nightmares 2 UNI PROJECT CLIENT/unreal/Client-brief/Client-brief/ClientBrief1/Content/3DModels/Fireplace/FireplaceSoftened.uexp" 1074
"D:/university work/Little Nightmares 2 UNI PROJECT CLIENT/unreal/Client-brief/Client-brief/ClientBrief1/Content/3DModels/standardSurface2.uasset" 1075
"D:/university work/Little Nightmares 2 UNI PROJECT CLIENT/unreal/Client-brief/Client-brief/ClientBrief1/Content/3DModels/standardSurface2.uexp" 1076
"D:/university work/Little Nightmares 2 UNI PROJECT CLIENT/unreal/Client-brief/Client-brief/ClientBrief1/Content/3DModels/bars.ubulk" 1077
"D:/university work/Little Nightmares 2 UNI PROJECT CLIENT/unreal/Client-brief/Client-brief/ClientBrief1/Content/3DModels/bars.uasset" 1078
"D:/university work/Little Nightmares 2 UNI PROJECT CLIENT/unreal/Client-brief/Client-brief/ClientBrief1/Content/3DModels/bars.uexp" 1079
"D:/university work/Little Nightmares 2 UNI PROJECT CLIENT/unreal/Client-brief/Client-brief/ClientBrief1/Content/3DModels/Vent_PhysicsAsset.uasset" 1080
"D:/university work/Little Nightmares 2 UNI PROJECT CLIENT/unreal/Client-brief/Client-brief/ClientBrief1/Content/3DModels/Vent_PhysicsAsset.uexp" 1081
"D:/university work/Little Nightmares 2 UNI PROJECT CLIENT/unreal/Client-brief/Client-brief/ClientBrief1/Content/3DModels/Vent_Skeleton.uasset" 1082
"D:/university work/Little Nightmares 2 UNI PROJECT CLIENT/unreal/Client-brief/Client-brief/ClientBrief1/Content/3DModels/Vent_Skeleton.uexp" 1083
"D:/university work/Little Nightmares 2 UNI PROJECT CLIENT/unreal/Client-brief/Client-brief/ClientBrief1/Content/3DModels/standardSurface4.uasset" 1084
"D:/university work/Little Nightmares 2 UNI PROJECT CLIENT/unreal/Client-brief/Client-brief/ClientBrief1/Content/3DModels/standardSurface4.uexp" 1085
"D:/university work/Little Nightmares 2 UNI PROJECT CLIENT/unreal/Client-brief/Client-brief/ClientBrief1/Content/3DModels/Vent.uasset" 1086
"D:/university work/Little Nightmares 2 UNI PROJECT CLIENT/unreal/Client-brief/Client-brief/ClientBrief1/Content/3DModels/Vent.uexp" 1087
"../../../Engine/Content/EngineMaterials/DefaultPhysicalMaterial.uasset" 1088
"../../../Engine/Content/EngineMaterials/DefaultPhysicalMaterial.uexp" 1089
"D:/university work/Little Nightmares 2 UNI PROJECT CLIENT/unreal/Client-brief/Client-brief/ClientBrief1/Content/Textures/SoftenedFireplace_initialShadingGroup_Normal.ubulk" 1090
"D:/university work/Little Nightmares 2 UNI PROJECT CLIENT/unreal/Client-brief/Client-brief/ClientBrief1/Content/Textures/SoftenedFireplace_initialShadingGroup_Normal.uasset" 1091
"D:/university work/Little Nightmares 2 UNI PROJECT CLIENT/unreal/Client-brief/Client-brief/ClientBrief1/Content/Textures/SoftenedFireplace_initialShadingGroup_Normal.uexp" 1092
"D:/university work/Little Nightmares 2 UNI PROJECT CLIENT/unreal/Client-brief/Client-brief/ClientBrief1/Content/Textures/SoftenedFireplace_initialShadingGroup_BaseColor.ubulk" 1093
"D:/university work/Little Nightmares 2 UNI PROJECT CLIENT/unreal/Client-brief/Client-brief/ClientBrief1/Content/Textures/SoftenedFireplace_initialShadingGroup_BaseColor.uasset" 1094
"D:/university work/Little Nightmares 2 UNI PROJECT CLIENT/unreal/Client-brief/Client-brief/ClientBrief1/Content/Textures/SoftenedFireplace_initialShadingGroup_BaseColor.uexp" 1095
"D:/university work/Little Nightmares 2 UNI PROJECT CLIENT/unreal/Client-brief/Client-brief/ClientBrief1/Content/Textures/SoftenedFireplace_initialShadingGroup_OcclusionRoughnessMetallic.ubulk" 1096
"D:/university work/Little Nightmares 2 UNI PROJECT CLIENT/unreal/Client-brief/Client-brief/ClientBrief1/Content/Textures/SoftenedFireplace_initialShadingGroup_OcclusionRoughnessMetallic.uasset" 1097
"D:/university work/Little Nightmares 2 UNI PROJECT CLIENT/unreal/Client-brief/Client-brief/ClientBrief1/Content/Textures/SoftenedFireplace_initialShadingGroup_OcclusionRoughnessMetallic.uexp" 1098
"D:/university work/Little Nightmares 2 UNI PROJECT CLIENT/unreal/Client-brief/Client-brief/ClientBrief1/Content/Textures/MAT_Fireplace.uasset" 1099
"D:/university work/Little Nightmares 2 UNI PROJECT CLIENT/unreal/Client-brief/Client-brief/ClientBrief1/Content/Textures/MAT_Fireplace.uexp" 1100
"D:/university work/Little Nightmares 2 UNI PROJECT CLIENT/unreal/Client-brief/Client-brief/ClientBrief1/Content/UI/Menu/front.uasset" 1101
"D:/university work/Little Nightmares 2 UNI PROJECT CLIENT/unreal/Client-brief/Client-brief/ClientBrief1/Content/UI/Menu/front.uexp" 1102
"D:/university work/Little Nightmares 2 UNI PROJECT CLIENT/unreal/Client-brief/Client-brief/ClientBrief1/Content/UI/Menu/Main_Menu.uasset" 1103
"D:/university work/Little Nightmares 2 UNI PROJECT CLIENT/unreal/Client-brief/Client-brief/ClientBrief1/Content/UI/Menu/Main_Menu.uexp" 1104
"D:/university work/Little Nightmares 2 UNI PROJECT CLIENT/unreal/Client-brief/Client-brief/ClientBrief1/Content/3DModels/Rounded_table.ubulk" 1105
"D:/university work/Little Nightmares 2 UNI PROJECT CLIENT/unreal/Client-brief/Client-brief/ClientBrief1/Content/3DModels/Rounded_table.uasset" 1106
"D:/university work/Little Nightmares 2 UNI PROJECT CLIENT/unreal/Client-brief/Client-brief/ClientBrief1/Content/3DModels/Rounded_table.uexp" 1107
"D:/university work/Little Nightmares 2 UNI PROJECT CLIENT/unreal/Client-brief/Client-brief/ClientBrief1/Content/3DModels/Vent_Anim.uasset" 1108
"D:/university work/Little Nightmares 2 UNI PROJECT CLIENT/unreal/Client-brief/Client-brief/ClientBrief1/Content/3DModels/Vent_Anim.uexp" 1109
"D:/university work/Little Nightmares 2 UNI PROJECT CLIENT/unreal/Client-brief/Client-brief/ClientBrief1/Content/UI/Menu/MenuGameMode.uasset" 1110
"D:/university work/Little Nightmares 2 UNI PROJECT CLIENT/unreal/Client-brief/Client-brief/ClientBrief1/Content/UI/Menu/MenuGameMode.uexp" 1111
"D:/university work/Little Nightmares 2 UNI PROJECT CLIENT/unreal/Client-brief/Client-brief/ClientBrief1/Content/Vefects/Free_Fire/Shared/Textures/T_VFX_Fire_Ground_Mask_01.ubulk" 1112
"D:/university work/Little Nightmares 2 UNI PROJECT CLIENT/unreal/Client-brief/Client-brief/ClientBrief1/Content/Vefects/Free_Fire/Shared/Textures/T_VFX_Fire_Ground_Mask_01.uasset" 1113
"D:/university work/Little Nightmares 2 UNI PROJECT CLIENT/unreal/Client-brief/Client-brief/ClientBrief1/Content/Vefects/Free_Fire/Shared/Textures/T_VFX_Fire_Ground_Mask_01.uexp" 1114
"D:/university work/Little Nightmares 2 UNI PROJECT CLIENT/unreal/Client-brief/Client-brief/ClientBrief1/Content/Vefects/Free_Fire/Shared/Textures/T_VFX_Gradient_Up_Down_01.ubulk" 1115
"D:/university work/Little Nightmares 2 UNI PROJECT CLIENT/unreal/Client-brief/Client-brief/ClientBrief1/Content/Vefects/Free_Fire/Shared/Textures/T_VFX_Gradient_Up_Down_01.uasset" 1116
"D:/university work/Little Nightmares 2 UNI PROJECT CLIENT/unreal/Client-brief/Client-brief/ClientBrief1/Content/Vefects/Free_Fire/Shared/Textures/T_VFX_Gradient_Up_Down_01.uexp" 1117
"D:/university work/Little Nightmares 2 UNI PROJECT CLIENT/unreal/Client-brief/Client-brief/ClientBrief1/Content/Vefects/Free_Fire/Shared/Textures/T_VFX_Noise_04.ubulk" 1118
"D:/university work/Little Nightmares 2 UNI PROJECT CLIENT/unreal/Client-brief/Client-brief/ClientBrief1/Content/Vefects/Free_Fire/Shared/Textures/T_VFX_Noise_04.uasset" 1119
"D:/university work/Little Nightmares 2 UNI PROJECT CLIENT/unreal/Client-brief/Client-brief/ClientBrief1/Content/Vefects/Free_Fire/Shared/Textures/T_VFX_Noise_04.uexp" 1120
"D:/university work/Little Nightmares 2 UNI PROJECT CLIENT/unreal/Client-brief/Client-brief/ClientBrief1/Content/Vefects/Free_Fire/Shared/Materials/M_VFX_Erosion.uasset" 1121
"D:/university work/Little Nightmares 2 UNI PROJECT CLIENT/unreal/Client-brief/Client-brief/ClientBrief1/Content/Vefects/Free_Fire/Shared/Materials/M_VFX_Erosion.uexp" 1122
"D:/university work/Little Nightmares 2 UNI PROJECT CLIENT/unreal/Client-brief/Client-brief/ClientBrief1/Content/Vefects/Free_Fire/Shared/Textures/T_VFX_White.uasset" 1123
"D:/university work/Little Nightmares 2 UNI PROJECT CLIENT/unreal/Client-brief/Client-brief/ClientBrief1/Content/Vefects/Free_Fire/Shared/Textures/T_VFX_White.uexp" 1124
"D:/university work/Little Nightmares 2 UNI PROJECT CLIENT/unreal/Client-brief/Client-brief/ClientBrief1/Content/Vefects/Free_Fire/Shared/Textures/T_VFX_Ashes_01.ubulk" 1125
"D:/university work/Little Nightmares 2 UNI PROJECT CLIENT/unreal/Client-brief/Client-brief/ClientBrief1/Content/Vefects/Free_Fire/Shared/Textures/T_VFX_Ashes_01.uasset" 1126
"D:/university work/Little Nightmares 2 UNI PROJECT CLIENT/unreal/Client-brief/Client-brief/ClientBrief1/Content/Vefects/Free_Fire/Shared/Textures/T_VFX_Ashes_01.uexp" 1127
"D:/university work/Little Nightmares 2 UNI PROJECT CLIENT/unreal/Client-brief/Client-brief/ClientBrief1/Content/Vefects/Free_Fire/Shared/Textures/T_VFX_Noise_07.ubulk" 1128
"D:/university work/Little Nightmares 2 UNI PROJECT CLIENT/unreal/Client-brief/Client-brief/ClientBrief1/Content/Vefects/Free_Fire/Shared/Textures/T_VFX_Noise_07.uasset" 1129
"D:/university work/Little Nightmares 2 UNI PROJECT CLIENT/unreal/Client-brief/Client-brief/ClientBrief1/Content/Vefects/Free_Fire/Shared/Textures/T_VFX_Noise_07.uexp" 1130
"D:/university work/Little Nightmares 2 UNI PROJECT CLIENT/unreal/Client-brief/Client-brief/ClientBrief1/Content/Vefects/Free_Fire/Shared/Materials/MI_VFX_Ashes_01.uasset" 1131
"D:/university work/Little Nightmares 2 UNI PROJECT CLIENT/unreal/Client-brief/Client-brief/ClientBrief1/Content/Vefects/Free_Fire/Shared/Materials/MI_VFX_Ashes_01.uexp" 1132
"D:/university work/Little Nightmares 2 UNI PROJECT CLIENT/unreal/Client-brief/Client-brief/ClientBrief1/Content/Vefects/Free_Fire/Shared/Textures/T_VFX_Glow_01.ubulk" 1133
"D:/university work/Little Nightmares 2 UNI PROJECT CLIENT/unreal/Client-brief/Client-brief/ClientBrief1/Content/Vefects/Free_Fire/Shared/Textures/T_VFX_Glow_01.uasset" 1134
"D:/university work/Little Nightmares 2 UNI PROJECT CLIENT/unreal/Client-brief/Client-brief/ClientBrief1/Content/Vefects/Free_Fire/Shared/Textures/T_VFX_Glow_01.uexp" 1135
"D:/university work/Little Nightmares 2 UNI PROJECT CLIENT/unreal/Client-brief/Client-brief/ClientBrief1/Content/Vefects/Free_Fire/Shared/Materials/MI_VFX_Glow_01.uasset" 1136
"D:/university work/Little Nightmares 2 UNI PROJECT CLIENT/unreal/Client-brief/Client-brief/ClientBrief1/Content/Vefects/Free_Fire/Shared/Materials/MI_VFX_Glow_01.uexp" 1137
"D:/university work/Little Nightmares 2 UNI PROJECT CLIENT/unreal/Client-brief/Client-brief/ClientBrief1/Content/Vefects/Free_Fire/Shared/Textures/T_VFX_Noise_01.ubulk" 1138
"D:/university work/Little Nightmares 2 UNI PROJECT CLIENT/unreal/Client-brief/Client-brief/ClientBrief1/Content/Vefects/Free_Fire/Shared/Textures/T_VFX_Noise_01.uasset" 1139
"D:/university work/Little Nightmares 2 UNI PROJECT CLIENT/unreal/Client-brief/Client-brief/ClientBrief1/Content/Vefects/Free_Fire/Shared/Textures/T_VFX_Noise_01.uexp" 1140
"D:/university work/Little Nightmares 2 UNI PROJECT CLIENT/unreal/Client-brief/Client-brief/ClientBrief1/Content/Vefects/Free_Fire/Shared/Textures/T_VFX_Fire_Mask_01.ubulk" 1141
"D:/university work/Little Nightmares 2 UNI PROJECT CLIENT/unreal/Client-brief/Client-brief/ClientBrief1/Content/Vefects/Free_Fire/Shared/Textures/T_VFX_Fire_Mask_01.uasset" 1142
"D:/university work/Little Nightmares 2 UNI PROJECT CLIENT/unreal/Client-brief/Client-brief/ClientBrief1/Content/Vefects/Free_Fire/Shared/Textures/T_VFX_Fire_Mask_01.uexp" 1143
"D:/university work/Little Nightmares 2 UNI PROJECT CLIENT/unreal/Client-brief/Client-brief/ClientBrief1/Content/Vefects/Free_Fire/Shared/Materials/MI_VFX_Fire_01.uasset" 1144
"D:/university work/Little Nightmares 2 UNI PROJECT CLIENT/unreal/Client-brief/Client-brief/ClientBrief1/Content/Vefects/Free_Fire/Shared/Materials/MI_VFX_Fire_01.uexp" 1145
"D:/university work/Little Nightmares 2 UNI PROJECT CLIENT/unreal/Client-brief/Client-brief/ClientBrief1/Content/Vefects/Free_Fire/Shared/Materials/M_VFX_HeatDistortion.uasset" 1146
"D:/university work/Little Nightmares 2 UNI PROJECT CLIENT/unreal/Client-brief/Client-brief/ClientBrief1/Content/Vefects/Free_Fire/Shared/Materials/M_VFX_HeatDistortion.uexp" 1147
"D:/university work/Little Nightmares 2 UNI PROJECT CLIENT/unreal/Client-brief/Client-brief/ClientBrief1/Content/Vefects/Free_Fire/Shared/Textures/T_VFX_Ash_01.ubulk" 1148
"D:/university work/Little Nightmares 2 UNI PROJECT CLIENT/unreal/Client-brief/Client-brief/ClientBrief1/Content/Vefects/Free_Fire/Shared/Textures/T_VFX_Ash_01.uasset" 1149
"D:/university work/Little Nightmares 2 UNI PROJECT CLIENT/unreal/Client-brief/Client-brief/ClientBrief1/Content/Vefects/Free_Fire/Shared/Textures/T_VFX_Ash_01.uexp" 1150
"D:/university work/Little Nightmares 2 UNI PROJECT CLIENT/unreal/Client-brief/Client-brief/ClientBrief1/Content/Vefects/Free_Fire/Shared/Materials/MI_VFX_HeatDistortion_Strong.uasset" 1151
"D:/university work/Little Nightmares 2 UNI PROJECT CLIENT/unreal/Client-brief/Client-brief/ClientBrief1/Content/Vefects/Free_Fire/Shared/Materials/MI_VFX_HeatDistortion_Strong.uexp" 1152
"D:/university work/Little Nightmares 2 UNI PROJECT CLIENT/unreal/Client-brief/Client-brief/ClientBrief1/Content/Vefects/Free_Fire/Shared/Textures/T_VFX_Dust_01.ubulk" 1153
"D:/university work/Little Nightmares 2 UNI PROJECT CLIENT/unreal/Client-brief/Client-brief/ClientBrief1/Content/Vefects/Free_Fire/Shared/Textures/T_VFX_Dust_01.uasset" 1154
"D:/university work/Little Nightmares 2 UNI PROJECT CLIENT/unreal/Client-brief/Client-brief/ClientBrief1/Content/Vefects/Free_Fire/Shared/Textures/T_VFX_Dust_01.uexp" 1155
"D:/university work/Little Nightmares 2 UNI PROJECT CLIENT/unreal/Client-brief/Client-brief/ClientBrief1/Content/Vefects/Free_Fire/Shared/Materials/MI_VFX_Fire_02.uasset" 1156
"D:/university work/Little Nightmares 2 UNI PROJECT CLIENT/unreal/Client-brief/Client-brief/ClientBrief1/Content/Vefects/Free_Fire/Shared/Materials/MI_VFX_Fire_02.uexp" 1157
"D:/university work/Little Nightmares 2 UNI PROJECT CLIENT/unreal/Client-brief/Client-brief/ClientBrief1/Content/Vefects/Free_Fire/Shared/Particles/NS_Fire_Small.uasset" 1158
"D:/university work/Little Nightmares 2 UNI PROJECT CLIENT/unreal/Client-brief/Client-brief/ClientBrief1/Content/Vefects/Free_Fire/Shared/Particles/NS_Fire_Small.uexp" 1159
"D:/university work/Little Nightmares 2 UNI PROJECT CLIENT/unreal/Client-brief/Client-brief/ClientBrief1/Content/3DModels/standardSurface1.uasset" 1160
"D:/university work/Little Nightmares 2 UNI PROJECT CLIENT/unreal/Client-brief/Client-brief/ClientBrief1/Content/3DModels/standardSurface1.uexp" 1161
"D:/university work/Little Nightmares 2 UNI PROJECT CLIENT/unreal/Client-brief/Client-brief/ClientBrief1/Content/3DModels/cauldren_2.ubulk" 1162
"D:/university work/Little Nightmares 2 UNI PROJECT CLIENT/unreal/Client-brief/Client-brief/ClientBrief1/Content/3DModels/cauldren_2.uasset" 1163
"D:/university work/Little Nightmares 2 UNI PROJECT CLIENT/unreal/Client-brief/Client-brief/ClientBrief1/Content/3DModels/cauldren_2.uexp" 1164
"D:/university work/Little Nightmares 2 UNI PROJECT CLIENT/unreal/Client-brief/Client-brief/ClientBrief1/Content/MainMenuMap.uexp" 1165
"D:/university work/Little Nightmares 2 UNI PROJECT CLIENT/unreal/Client-brief/Client-brief/ClientBrief1/Content/MainMenuMap.umap" 1166
"D:/university work/Little Nightmares 2 UNI PROJECT CLIENT/unreal/Client-brief/Client-brief/ClientBrief1/Content/CUTSCENE/vents.uasset" 1167
"D:/university work/Little Nightmares 2 UNI PROJECT CLIENT/unreal/Client-brief/Client-brief/ClientBrief1/Content/CUTSCENE/vents.uexp" 1168
"D:/university work/Little Nightmares 2 UNI PROJECT CLIENT/unreal/Client-brief/Client-brief/ClientBrief1/Content/MDMedieval/Materials/MDMedieval_PureBlack_Mat.uasset" 1169
"D:/university work/Little Nightmares 2 UNI PROJECT CLIENT/unreal/Client-brief/Client-brief/ClientBrief1/Content/MDMedieval/Materials/MDMedieval_PureBlack_Mat.uexp" 1170
"D:/university work/Little Nightmares 2 UNI PROJECT CLIENT/unreal/Client-brief/Client-brief/ClientBrief1/Content/MDMedieval/Textures/MDMedieval_Mask_SmallBarrel.ubulk" 1171
"D:/university work/Little Nightmares 2 UNI PROJECT CLIENT/unreal/Client-brief/Client-brief/ClientBrief1/Content/MDMedieval/Textures/MDMedieval_Mask_SmallBarrel.uasset" 1172
"D:/university work/Little Nightmares 2 UNI PROJECT CLIENT/unreal/Client-brief/Client-brief/ClientBrief1/Content/MDMedieval/Textures/MDMedieval_Mask_SmallBarrel.uexp" 1173
"../../../Engine/Content/EngineMaterials/BlendFunc_DefBlend.uasset" 1174
"../../../Engine/Content/EngineMaterials/BlendFunc_DefBlend.uexp" 1175
"../../../Engine/Content/EngineMaterials/BlendFunc_DefBase.uasset" 1176
"../../../Engine/Content/EngineMaterials/BlendFunc_DefBase.uexp" 1177
"../../../Engine/Content/Functions/Engine_MaterialFunctions03/Blends/Blend_Overlay.uasset" 1178
"../../../Engine/Content/Functions/Engine_MaterialFunctions03/Blends/Blend_Overlay.uexp" 1179
"D:/university work/Little Nightmares 2 UNI PROJECT CLIENT/unreal/Client-brief/Client-brief/ClientBrief1/Content/MDMedieval/Textures/MDMedieval_Metal_RHA.ubulk" 1180
"D:/university work/Little Nightmares 2 UNI PROJECT CLIENT/unreal/Client-brief/Client-brief/ClientBrief1/Content/MDMedieval/Textures/MDMedieval_Metal_RHA.uasset" 1181
"D:/university work/Little Nightmares 2 UNI PROJECT CLIENT/unreal/Client-brief/Client-brief/ClientBrief1/Content/MDMedieval/Textures/MDMedieval_Metal_RHA.uexp" 1182
"D:/university work/Little Nightmares 2 UNI PROJECT CLIENT/unreal/Client-brief/Client-brief/ClientBrief1/Content/MDMedieval/Textures/MDMedieval_Metal_basecolor.ubulk" 1183
"D:/university work/Little Nightmares 2 UNI PROJECT CLIENT/unreal/Client-brief/Client-brief/ClientBrief1/Content/MDMedieval/Textures/MDMedieval_Metal_basecolor.uasset" 1184
"D:/university work/Little Nightmares 2 UNI PROJECT CLIENT/unreal/Client-brief/Client-brief/ClientBrief1/Content/MDMedieval/Textures/MDMedieval_Metal_basecolor.uexp" 1185
"D:/university work/Little Nightmares 2 UNI PROJECT CLIENT/unreal/Client-brief/Client-brief/ClientBrief1/Content/MDMedieval/Textures/MDMedieval_Metal_normal.ubulk" 1186
"D:/university work/Little Nightmares 2 UNI PROJECT CLIENT/unreal/Client-brief/Client-brief/ClientBrief1/Content/MDMedieval/Textures/MDMedieval_Metal_normal.uasset" 1187
"D:/university work/Little Nightmares 2 UNI PROJECT CLIENT/unreal/Client-brief/Client-brief/ClientBrief1/Content/MDMedieval/Textures/MDMedieval_Metal_normal.uexp" 1188
"D:/university work/Little Nightmares 2 UNI PROJECT CLIENT/unreal/Client-brief/Client-brief/ClientBrief1/Content/MDMedieval/Materials/MDMedieval_Metal_Main_Mat.uasset" 1189
"D:/university work/Little Nightmares 2 UNI PROJECT CLIENT/unreal/Client-brief/Client-brief/ClientBrief1/Content/MDMedieval/Materials/MDMedieval_Metal_Main_Mat.uexp" 1190
"D:/university work/Little Nightmares 2 UNI PROJECT CLIENT/unreal/Client-brief/Client-brief/ClientBrief1/Content/MDMedieval/Materials/MDMedieval_Metal_Barrel_Small_Mat_Inst.uasset" 1191
"D:/university work/Little Nightmares 2 UNI PROJECT CLIENT/unreal/Client-brief/Client-brief/ClientBrief1/Content/MDMedieval/Materials/MDMedieval_Metal_Barrel_Small_Mat_Inst.uexp" 1192
"D:/university work/Little Nightmares 2 UNI PROJECT CLIENT/unreal/Client-brief/Client-brief/ClientBrief1/Content/MDMedieval/Materials/MDMedieval_Wood_Barrel_Small_Mat_Inst.uasset" 1193
"D:/university work/Little Nightmares 2 UNI PROJECT CLIENT/unreal/Client-brief/Client-brief/ClientBrief1/Content/MDMedieval/Materials/MDMedieval_Wood_Barrel_Small_Mat_Inst.uexp" 1194
"D:/university work/Little Nightmares 2 UNI PROJECT CLIENT/unreal/Client-brief/Client-brief/ClientBrief1/Content/MDMedieval/Meshes/MDMedieval_Furniture_Barrel_Small.ubulk" 1195
"D:/university work/Little Nightmares 2 UNI PROJECT CLIENT/unreal/Client-brief/Client-brief/ClientBrief1/Content/MDMedieval/Meshes/MDMedieval_Furniture_Barrel_Small.uasset" 1196
"D:/university work/Little Nightmares 2 UNI PROJECT CLIENT/unreal/Client-brief/Client-brief/ClientBrief1/Content/MDMedieval/Meshes/MDMedieval_Furniture_Barrel_Small.uexp" 1197
"D:/university work/Little Nightmares 2 UNI PROJECT CLIENT/unreal/Client-brief/Client-brief/ClientBrief1/Content/Food_Props_Kit/Textures/Cloth/T_Cloth1_OcclusionRoughnessMetallic.ubulk" 1198
"D:/university work/Little Nightmares 2 UNI PROJECT CLIENT/unreal/Client-brief/Client-brief/ClientBrief1/Content/Food_Props_Kit/Textures/Cloth/T_Cloth1_OcclusionRoughnessMetallic.uasset" 1199
"D:/university work/Little Nightmares 2 UNI PROJECT CLIENT/unreal/Client-brief/Client-brief/ClientBrief1/Content/Food_Props_Kit/Textures/Cloth/T_Cloth1_OcclusionRoughnessMetallic.uexp" 1200
"D:/university work/Little Nightmares 2 UNI PROJECT CLIENT/unreal/Client-brief/Client-brief/ClientBrief1/Content/Food_Props_Kit/Textures/Cloth/T_Cloth1_Normal.ubulk" 1201
"D:/university work/Little Nightmares 2 UNI PROJECT CLIENT/unreal/Client-brief/Client-brief/ClientBrief1/Content/Food_Props_Kit/Textures/Cloth/T_Cloth1_Normal.uasset" 1202
"D:/university work/Little Nightmares 2 UNI PROJECT CLIENT/unreal/Client-brief/Client-brief/ClientBrief1/Content/Food_Props_Kit/Textures/Cloth/T_Cloth1_Normal.uexp" 1203
"D:/university work/Little Nightmares 2 UNI PROJECT CLIENT/unreal/Client-brief/Client-brief/ClientBrief1/Content/Food_Props_Kit/Textures/Cloth/T_Cloth1_BaseColor.ubulk" 1204
"D:/university work/Little Nightmares 2 UNI PROJECT CLIENT/unreal/Client-brief/Client-brief/ClientBrief1/Content/Food_Props_Kit/Textures/Cloth/T_Cloth1_BaseColor.uasset" 1205
"D:/university work/Little Nightmares 2 UNI PROJECT CLIENT/unreal/Client-brief/Client-brief/ClientBrief1/Content/Food_Props_Kit/Textures/Cloth/T_Cloth1_BaseColor.uexp" 1206
"D:/university work/Little Nightmares 2 UNI PROJECT CLIENT/unreal/Client-brief/Client-brief/ClientBrief1/Content/Food_Props_Kit/Materials/Master_Materials/M_Cloth.uasset" 1207
"D:/university work/Little Nightmares 2 UNI PROJECT CLIENT/unreal/Client-brief/Client-brief/ClientBrief1/Content/Food_Props_Kit/Materials/Master_Materials/M_Cloth.uexp" 1208
"D:/university work/Little Nightmares 2 UNI PROJECT CLIENT/unreal/Client-brief/Client-brief/ClientBrief1/Content/Food_Props_Kit/Materials/Material_Instances/MI_Cloth_1.uasset" 1209
"D:/university work/Little Nightmares 2 UNI PROJECT CLIENT/unreal/Client-brief/Client-brief/ClientBrief1/Content/Food_Props_Kit/Materials/Material_Instances/MI_Cloth_1.uexp" 1210
"D:/university work/Little Nightmares 2 UNI PROJECT CLIENT/unreal/Client-brief/Client-brief/ClientBrief1/Content/Food_Props_Kit/Textures/Rope/T_Rope1_BaseColor.ubulk" 1211
"D:/university work/Little Nightmares 2 UNI PROJECT CLIENT/unreal/Client-brief/Client-brief/ClientBrief1/Content/Food_Props_Kit/Textures/Rope/T_Rope1_BaseColor.uasset" 1212
"D:/university work/Little Nightmares 2 UNI PROJECT CLIENT/unreal/Client-brief/Client-brief/ClientBrief1/Content/Food_Props_Kit/Textures/Rope/T_Rope1_BaseColor.uexp" 1213
"D:/university work/Little Nightmares 2 UNI PROJECT CLIENT/unreal/Client-brief/Client-brief/ClientBrief1/Content/Food_Props_Kit/Textures/Rope/T_Rope1_Normal.ubulk" 1214
"D:/university work/Little Nightmares 2 UNI PROJECT CLIENT/unreal/Client-brief/Client-brief/ClientBrief1/Content/Food_Props_Kit/Textures/Rope/T_Rope1_Normal.uasset" 1215
"D:/university work/Little Nightmares 2 UNI PROJECT CLIENT/unreal/Client-brief/Client-brief/ClientBrief1/Content/Food_Props_Kit/Textures/Rope/T_Rope1_Normal.uexp" 1216
"D:/university work/Little Nightmares 2 UNI PROJECT CLIENT/unreal/Client-brief/Client-brief/ClientBrief1/Content/Food_Props_Kit/Textures/Rope/T_Rope1_OcclusionRoughnessMetallic.ubulk" 1217
"D:/university work/Little Nightmares 2 UNI PROJECT CLIENT/unreal/Client-brief/Client-brief/ClientBrief1/Content/Food_Props_Kit/Textures/Rope/T_Rope1_OcclusionRoughnessMetallic.uasset" 1218
"D:/university work/Little Nightmares 2 UNI PROJECT CLIENT/unreal/Client-brief/Client-brief/ClientBrief1/Content/Food_Props_Kit/Textures/Rope/T_Rope1_OcclusionRoughnessMetallic.uexp" 1219
"D:/university work/Little Nightmares 2 UNI PROJECT CLIENT/unreal/Client-brief/Client-brief/ClientBrief1/Content/Food_Props_Kit/Materials/Master_Materials/M_Rope.uasset" 1220
"D:/university work/Little Nightmares 2 UNI PROJECT CLIENT/unreal/Client-brief/Client-brief/ClientBrief1/Content/Food_Props_Kit/Materials/Master_Materials/M_Rope.uexp" 1221
"D:/university work/Little Nightmares 2 UNI PROJECT CLIENT/unreal/Client-brief/Client-brief/ClientBrief1/Content/Food_Props_Kit/Materials/Material_Instances/MI_Rope_1.uasset" 1222
"D:/university work/Little Nightmares 2 UNI PROJECT CLIENT/unreal/Client-brief/Client-brief/ClientBrief1/Content/Food_Props_Kit/Materials/Material_Instances/MI_Rope_1.uexp" 1223
"D:/university work/Little Nightmares 2 UNI PROJECT CLIENT/unreal/Client-brief/Client-brief/ClientBrief1/Content/Food_Props_Kit/Meshes/SM_Bag3.ubulk" 1224
"D:/university work/Little Nightmares 2 UNI PROJECT CLIENT/unreal/Client-brief/Client-brief/ClientBrief1/Content/Food_Props_Kit/Meshes/SM_Bag3.uasset" 1225
"D:/university work/Little Nightmares 2 UNI PROJECT CLIENT/unreal/Client-brief/Client-brief/ClientBrief1/Content/Food_Props_Kit/Meshes/SM_Bag3.uexp" 1226
"D:/university work/Little Nightmares 2 UNI PROJECT CLIENT/unreal/Client-brief/Client-brief/ClientBrief1/Content/MDMedieval/Textures/MDMedieval_Mask_Golds.ubulk" 1227
"D:/university work/Little Nightmares 2 UNI PROJECT CLIENT/unreal/Client-brief/Client-brief/ClientBrief1/Content/MDMedieval/Textures/MDMedieval_Mask_Golds.uasset" 1228
"D:/university work/Little Nightmares 2 UNI PROJECT CLIENT/unreal/Client-brief/Client-brief/ClientBrief1/Content/MDMedieval/Textures/MDMedieval_Mask_Golds.uexp" 1229
"D:/university work/Little Nightmares 2 UNI PROJECT CLIENT/unreal/Client-brief/Client-brief/ClientBrief1/Content/MDMedieval/Textures/MDMedieval_Gold_normal.ubulk" 1230
"D:/university work/Little Nightmares 2 UNI PROJECT CLIENT/unreal/Client-brief/Client-brief/ClientBrief1/Content/MDMedieval/Textures/MDMedieval_Gold_normal.uasset" 1231
"D:/university work/Little Nightmares 2 UNI PROJECT CLIENT/unreal/Client-brief/Client-brief/ClientBrief1/Content/MDMedieval/Textures/MDMedieval_Gold_normal.uexp" 1232
"D:/university work/Little Nightmares 2 UNI PROJECT CLIENT/unreal/Client-brief/Client-brief/ClientBrief1/Content/MDMedieval/Textures/MDMedieval_Gold_roughness.ubulk" 1233
"D:/university work/Little Nightmares 2 UNI PROJECT CLIENT/unreal/Client-brief/Client-brief/ClientBrief1/Content/MDMedieval/Textures/MDMedieval_Gold_roughness.uasset" 1234
"D:/university work/Little Nightmares 2 UNI PROJECT CLIENT/unreal/Client-brief/Client-brief/ClientBrief1/Content/MDMedieval/Textures/MDMedieval_Gold_roughness.uexp" 1235
"D:/university work/Little Nightmares 2 UNI PROJECT CLIENT/unreal/Client-brief/Client-brief/ClientBrief1/Content/MDMedieval/Textures/MDMedieval_Gold_basecolor.ubulk" 1236
"D:/university work/Little Nightmares 2 UNI PROJECT CLIENT/unreal/Client-brief/Client-brief/ClientBrief1/Content/MDMedieval/Textures/MDMedieval_Gold_basecolor.uasset" 1237
"D:/university work/Little Nightmares 2 UNI PROJECT CLIENT/unreal/Client-brief/Client-brief/ClientBrief1/Content/MDMedieval/Textures/MDMedieval_Gold_basecolor.uexp" 1238
"D:/university work/Little Nightmares 2 UNI PROJECT CLIENT/unreal/Client-brief/Client-brief/ClientBrief1/Content/MDMedieval/Materials/MDMedieval_Gold_Main_Mat.uasset" 1239
"D:/university work/Little Nightmares 2 UNI PROJECT CLIENT/unreal/Client-brief/Client-brief/ClientBrief1/Content/MDMedieval/Materials/MDMedieval_Gold_Main_Mat.uexp" 1240
"D:/university work/Little Nightmares 2 UNI PROJECT CLIENT/unreal/Client-brief/Client-brief/ClientBrief1/Content/MDMedieval/Materials/MDMedieval_Gold_Mat_Inst.uasset" 1241
"D:/university work/Little Nightmares 2 UNI PROJECT CLIENT/unreal/Client-brief/Client-brief/ClientBrief1/Content/MDMedieval/Materials/MDMedieval_Gold_Mat_Inst.uexp" 1242
"D:/university work/Little Nightmares 2 UNI PROJECT CLIENT/unreal/Client-brief/Client-brief/ClientBrief1/Content/MDMedieval/Meshes/MDMedieval_Furniture_Chest_Gold_Pile_Random_Alt.ubulk" 1243
"D:/university work/Little Nightmares 2 UNI PROJECT CLIENT/unreal/Client-brief/Client-brief/ClientBrief1/Content/MDMedieval/Meshes/MDMedieval_Furniture_Chest_Gold_Pile_Random_Alt.uasset" 1244
"D:/university work/Little Nightmares 2 UNI PROJECT CLIENT/unreal/Client-brief/Client-brief/ClientBrief1/Content/MDMedieval/Meshes/MDMedieval_Furniture_Chest_Gold_Pile_Random_Alt.uexp" 1245
"D:/university work/Little Nightmares 2 UNI PROJECT CLIENT/unreal/Client-brief/Client-brief/ClientBrief1/Content/MDMedieval/Textures/MDMedieval_Mask_BucketChair.ubulk" 1246
"D:/university work/Little Nightmares 2 UNI PROJECT CLIENT/unreal/Client-brief/Client-brief/ClientBrief1/Content/MDMedieval/Textures/MDMedieval_Mask_BucketChair.uasset" 1247
"D:/university work/Little Nightmares 2 UNI PROJECT CLIENT/unreal/Client-brief/Client-brief/ClientBrief1/Content/MDMedieval/Textures/MDMedieval_Mask_BucketChair.uexp" 1248
"D:/university work/Little Nightmares 2 UNI PROJECT CLIENT/unreal/Client-brief/Client-brief/ClientBrief1/Content/MDMedieval/Materials/MDMedieval_Metal_BucketChair_Mat_Inst.uasset" 1249
"D:/university work/Little Nightmares 2 UNI PROJECT CLIENT/unreal/Client-brief/Client-brief/ClientBrief1/Content/MDMedieval/Materials/MDMedieval_Metal_BucketChair_Mat_Inst.uexp" 1250
"D:/university work/Little Nightmares 2 UNI PROJECT CLIENT/unreal/Client-brief/Client-brief/ClientBrief1/Content/MDMedieval/Materials/MDMedieval_Wood_BucketChair_Mat_Inst.uasset" 1251
"D:/university work/Little Nightmares 2 UNI PROJECT CLIENT/unreal/Client-brief/Client-brief/ClientBrief1/Content/MDMedieval/Materials/MDMedieval_Wood_BucketChair_Mat_Inst.uexp" 1252
"D:/university work/Little Nightmares 2 UNI PROJECT CLIENT/unreal/Client-brief/Client-brief/ClientBrief1/Content/MDMedieval/Meshes/MDMedieval_Furniture_Bucket.ubulk" 1253
"D:/university work/Little Nightmares 2 UNI PROJECT CLIENT/unreal/Client-brief/Client-brief/ClientBrief1/Content/MDMedieval/Meshes/MDMedieval_Furniture_Bucket.uasset" 1254
"D:/university work/Little Nightmares 2 UNI PROJECT CLIENT/unreal/Client-brief/Client-brief/ClientBrief1/Content/MDMedieval/Meshes/MDMedieval_Furniture_Bucket.uexp" 1255
"D:/university work/Little Nightmares 2 UNI PROJECT CLIENT/unreal/Client-brief/Client-brief/ClientBrief1/Content/CUTSCENE/Witch_reveal.uasset" 1256
"D:/university work/Little Nightmares 2 UNI PROJECT CLIENT/unreal/Client-brief/Client-brief/ClientBrief1/Content/CUTSCENE/Witch_reveal.uexp" 1257
"D:/university work/Little Nightmares 2 UNI PROJECT CLIENT/unreal/Client-brief/Client-brief/ClientBrief1/Content/MDMedieval/Textures/MDMedieval_Mask_Chest.ubulk" 1258
"D:/university work/Little Nightmares 2 UNI PROJECT CLIENT/unreal/Client-brief/Client-brief/ClientBrief1/Content/MDMedieval/Textures/MDMedieval_Mask_Chest.uasset" 1259
"D:/university work/Little Nightmares 2 UNI PROJECT CLIENT/unreal/Client-brief/Client-brief/ClientBrief1/Content/MDMedieval/Textures/MDMedieval_Mask_Chest.uexp" 1260
"D:/university work/Little Nightmares 2 UNI PROJECT CLIENT/unreal/Client-brief/Client-brief/ClientBrief1/Content/MDMedieval/Materials/MDMedieval_Metal_Chest_Mat_Inst.uasset" 1261
"D:/university work/Little Nightmares 2 UNI PROJECT CLIENT/unreal/Client-brief/Client-brief/ClientBrief1/Content/MDMedieval/Materials/MDMedieval_Metal_Chest_Mat_Inst.uexp" 1262
"D:/university work/Little Nightmares 2 UNI PROJECT CLIENT/unreal/Client-brief/Client-brief/ClientBrief1/Content/MDMedieval/Materials/MDMedieval_Wood_Chest_Mat_Inst.uasset" 1263
"D:/university work/Little Nightmares 2 UNI PROJECT CLIENT/unreal/Client-brief/Client-brief/ClientBrief1/Content/MDMedieval/Materials/MDMedieval_Wood_Chest_Mat_Inst.uexp" 1264
"D:/university work/Little Nightmares 2 UNI PROJECT CLIENT/unreal/Client-brief/Client-brief/ClientBrief1/Content/MDMedieval/Meshes/MDMedieval_Furniture_Chest.ubulk" 1265
"D:/university work/Little Nightmares 2 UNI PROJECT CLIENT/unreal/Client-brief/Client-brief/ClientBrief1/Content/MDMedieval/Meshes/MDMedieval_Furniture_Chest.uasset" 1266
"D:/university work/Little Nightmares 2 UNI PROJECT CLIENT/unreal/Client-brief/Client-brief/ClientBrief1/Content/MDMedieval/Meshes/MDMedieval_Furniture_Chest.uexp" 1267
"D:/university work/Little Nightmares 2 UNI PROJECT CLIENT/unreal/Client-brief/Client-brief/ClientBrief1/Content/MDMedieval/Textures/MDMedieval_Mask_TableFurns.ubulk" 1268
"D:/university work/Little Nightmares 2 UNI PROJECT CLIENT/unreal/Client-brief/Client-brief/ClientBrief1/Content/MDMedieval/Textures/MDMedieval_Mask_TableFurns.uasset" 1269
"D:/university work/Little Nightmares 2 UNI PROJECT CLIENT/unreal/Client-brief/Client-brief/ClientBrief1/Content/MDMedieval/Textures/MDMedieval_Mask_TableFurns.uexp" 1270
"D:/university work/Little Nightmares 2 UNI PROJECT CLIENT/unreal/Client-brief/Client-brief/ClientBrief1/Content/MDMedieval/Materials/MDMedieval_Wood_TableFurns_Mat_Inst.uasset" 1271
"D:/university work/Little Nightmares 2 UNI PROJECT CLIENT/unreal/Client-brief/Client-brief/ClientBrief1/Content/MDMedieval/Materials/MDMedieval_Wood_TableFurns_Mat_Inst.uexp" 1272
"D:/university work/Little Nightmares 2 UNI PROJECT CLIENT/unreal/Client-brief/Client-brief/ClientBrief1/Content/MDMedieval/Meshes/MDMedieval_Furniture_Table_Bowl.ubulk" 1273
"D:/university work/Little Nightmares 2 UNI PROJECT CLIENT/unreal/Client-brief/Client-brief/ClientBrief1/Content/MDMedieval/Meshes/MDMedieval_Furniture_Table_Bowl.uasset" 1274
"D:/university work/Little Nightmares 2 UNI PROJECT CLIENT/unreal/Client-brief/Client-brief/ClientBrief1/Content/MDMedieval/Meshes/MDMedieval_Furniture_Table_Bowl.uexp" 1275
"D:/university work/Little Nightmares 2 UNI PROJECT CLIENT/unreal/Client-brief/Client-brief/ClientBrief1/Content/Fab/Old_Knife/old_knife_texture_0.ubulk" 1276
"D:/university work/Little Nightmares 2 UNI PROJECT CLIENT/unreal/Client-brief/Client-brief/ClientBrief1/Content/Fab/Old_Knife/old_knife_texture_0.uasset" 1277
"D:/university work/Little Nightmares 2 UNI PROJECT CLIENT/unreal/Client-brief/Client-brief/ClientBrief1/Content/Fab/Old_Knife/old_knife_texture_0.uexp" 1278
"D:/university work/Little Nightmares 2 UNI PROJECT CLIENT/unreal/Client-brief/Client-brief/ClientBrief1/Content/Fab/Old_Knife/old_knife_texture_1.ubulk" 1279
"D:/university work/Little Nightmares 2 UNI PROJECT CLIENT/unreal/Client-brief/Client-brief/ClientBrief1/Content/Fab/Old_Knife/old_knife_texture_1.uasset" 1280
"D:/university work/Little Nightmares 2 UNI PROJECT CLIENT/unreal/Client-brief/Client-brief/ClientBrief1/Content/Fab/Old_Knife/old_knife_texture_1.uexp" 1281
"D:/university work/Little Nightmares 2 UNI PROJECT CLIENT/unreal/Client-brief/Client-brief/ClientBrief1/Content/Fab/Old_Knife/old_knife_texture_2.ubulk" 1282
"D:/university work/Little Nightmares 2 UNI PROJECT CLIENT/unreal/Client-brief/Client-brief/ClientBrief1/Content/Fab/Old_Knife/old_knife_texture_2.uasset" 1283
"D:/university work/Little Nightmares 2 UNI PROJECT CLIENT/unreal/Client-brief/Client-brief/ClientBrief1/Content/Fab/Old_Knife/old_knife_texture_2.uexp" 1284
"../../../Engine/Plugins/Interchange/Assets/Content/gltf/MaterialInstances/MI_Default_Opaque_DS.uasset" 1285
"../../../Engine/Plugins/Interchange/Assets/Content/gltf/MaterialInstances/MI_Default_Opaque_DS.uexp" 1286
"D:/university work/Little Nightmares 2 UNI PROJECT CLIENT/unreal/Client-brief/Client-brief/ClientBrief1/Content/Fab/Old_Knife/lambert1.uasset" 1287
"D:/university work/Little Nightmares 2 UNI PROJECT CLIENT/unreal/Client-brief/Client-brief/ClientBrief1/Content/Fab/Old_Knife/lambert1.uexp" 1288
"D:/university work/Little Nightmares 2 UNI PROJECT CLIENT/unreal/Client-brief/Client-brief/ClientBrief1/Content/Fab/Old_Knife/old_knife.ubulk" 1289
"D:/university work/Little Nightmares 2 UNI PROJECT CLIENT/unreal/Client-brief/Client-brief/ClientBrief1/Content/Fab/Old_Knife/old_knife.uasset" 1290
"D:/university work/Little Nightmares 2 UNI PROJECT CLIENT/unreal/Client-brief/Client-brief/ClientBrief1/Content/Fab/Old_Knife/old_knife.uexp" 1291
"D:/university work/Little Nightmares 2 UNI PROJECT CLIENT/unreal/Client-brief/Client-brief/ClientBrief1/Content/ThirdPerson/Blueprints/BP_Knife.uasset" 1292
"D:/university work/Little Nightmares 2 UNI PROJECT CLIENT/unreal/Client-brief/Client-brief/ClientBrief1/Content/ThirdPerson/Blueprints/BP_Knife.uexp" 1293
"D:/university work/Little Nightmares 2 UNI PROJECT CLIENT/unreal/Client-brief/Client-brief/ClientBrief1/Content/3DModels/surface_2.ubulk" 1294
"D:/university work/Little Nightmares 2 UNI PROJECT CLIENT/unreal/Client-brief/Client-brief/ClientBrief1/Content/3DModels/surface_2.uasset" 1295
"D:/university work/Little Nightmares 2 UNI PROJECT CLIENT/unreal/Client-brief/Client-brief/ClientBrief1/Content/3DModels/surface_2.uexp" 1296
"D:/university work/Little Nightmares 2 UNI PROJECT CLIENT/unreal/Client-brief/Client-brief/ClientBrief1/Content/MDMedieval/Textures/MDMedieval_Mask_Pots.ubulk" 1297
"D:/university work/Little Nightmares 2 UNI PROJECT CLIENT/unreal/Client-brief/Client-brief/ClientBrief1/Content/MDMedieval/Textures/MDMedieval_Mask_Pots.uasset" 1298
"D:/university work/Little Nightmares 2 UNI PROJECT CLIENT/unreal/Client-brief/Client-brief/ClientBrief1/Content/MDMedieval/Textures/MDMedieval_Mask_Pots.uexp" 1299
"D:/university work/Little Nightmares 2 UNI PROJECT CLIENT/unreal/Client-brief/Client-brief/ClientBrief1/Content/MDMedieval/Materials/MDMedieval_Metal_Pots_Mat_Inst.uasset" 1300
"D:/university work/Little Nightmares 2 UNI PROJECT CLIENT/unreal/Client-brief/Client-brief/ClientBrief1/Content/MDMedieval/Materials/MDMedieval_Metal_Pots_Mat_Inst.uexp" 1301
"D:/university work/Little Nightmares 2 UNI PROJECT CLIENT/unreal/Client-brief/Client-brief/ClientBrief1/Content/MDMedieval/Meshes/MDMedieval_Furniture_Pot_Cover.ubulk" 1302
"D:/university work/Little Nightmares 2 UNI PROJECT CLIENT/unreal/Client-brief/Client-brief/ClientBrief1/Content/MDMedieval/Meshes/MDMedieval_Furniture_Pot_Cover.uasset" 1303
"D:/university work/Little Nightmares 2 UNI PROJECT CLIENT/unreal/Client-brief/Client-brief/ClientBrief1/Content/MDMedieval/Meshes/MDMedieval_Furniture_Pot_Cover.uexp" 1304
"D:/university work/Little Nightmares 2 UNI PROJECT CLIENT/unreal/Client-brief/Client-brief/ClientBrief1/Content/MDMedieval/Textures/MDMedieval_BurntWood_roughness.ubulk" 1305
"D:/university work/Little Nightmares 2 UNI PROJECT CLIENT/unreal/Client-brief/Client-brief/ClientBrief1/Content/MDMedieval/Textures/MDMedieval_BurntWood_roughness.uasset" 1306
"D:/university work/Little Nightmares 2 UNI PROJECT CLIENT/unreal/Client-brief/Client-brief/ClientBrief1/Content/MDMedieval/Textures/MDMedieval_BurntWood_roughness.uexp" 1307
"D:/university work/Little Nightmares 2 UNI PROJECT CLIENT/unreal/Client-brief/Client-brief/ClientBrief1/Content/MDMedieval/Textures/MDMedieval_BurntWood_normal.ubulk" 1308
"D:/university work/Little Nightmares 2 UNI PROJECT CLIENT/unreal/Client-brief/Client-brief/ClientBrief1/Content/MDMedieval/Textures/MDMedieval_BurntWood_normal.uasset" 1309
"D:/university work/Little Nightmares 2 UNI PROJECT CLIENT/unreal/Client-brief/Client-brief/ClientBrief1/Content/MDMedieval/Textures/MDMedieval_BurntWood_normal.uexp" 1310
"D:/university work/Little Nightmares 2 UNI PROJECT CLIENT/unreal/Client-brief/Client-brief/ClientBrief1/Content/MDMedieval/Textures/MDMedieval_BurntWood_basecolor.ubulk" 1311
"D:/university work/Little Nightmares 2 UNI PROJECT CLIENT/unreal/Client-brief/Client-brief/ClientBrief1/Content/MDMedieval/Textures/MDMedieval_BurntWood_basecolor.uasset" 1312
"D:/university work/Little Nightmares 2 UNI PROJECT CLIENT/unreal/Client-brief/Client-brief/ClientBrief1/Content/MDMedieval/Textures/MDMedieval_BurntWood_basecolor.uexp" 1313
"D:/university work/Little Nightmares 2 UNI PROJECT CLIENT/unreal/Client-brief/Client-brief/ClientBrief1/Content/MDMedieval/Materials/MDMedieval_BurntWood_Main_Mat.uasset" 1314
"D:/university work/Little Nightmares 2 UNI PROJECT CLIENT/unreal/Client-brief/Client-brief/ClientBrief1/Content/MDMedieval/Materials/MDMedieval_BurntWood_Main_Mat.uexp" 1315
"D:/university work/Little Nightmares 2 UNI PROJECT CLIENT/unreal/Client-brief/Client-brief/ClientBrief1/Content/MDMedieval/Materials/MDMedieval_BurntWood_Mat_Inst.uasset" 1316
"D:/university work/Little Nightmares 2 UNI PROJECT CLIENT/unreal/Client-brief/Client-brief/ClientBrief1/Content/MDMedieval/Materials/MDMedieval_BurntWood_Mat_Inst.uexp" 1317
"D:/university work/Little Nightmares 2 UNI PROJECT CLIENT/unreal/Client-brief/Client-brief/ClientBrief1/Content/MDMedieval/Meshes/MDMedieval_Furniture_FirePit_BurnedLogs.ubulk" 1318
"D:/university work/Little Nightmares 2 UNI PROJECT CLIENT/unreal/Client-brief/Client-brief/ClientBrief1/Content/MDMedieval/Meshes/MDMedieval_Furniture_FirePit_BurnedLogs.uasset" 1319
"D:/university work/Little Nightmares 2 UNI PROJECT CLIENT/unreal/Client-brief/Client-brief/ClientBrief1/Content/MDMedieval/Meshes/MDMedieval_Furniture_FirePit_BurnedLogs.uexp" 1320
"D:/university work/Little Nightmares 2 UNI PROJECT CLIENT/unreal/Client-brief/Client-brief/ClientBrief1/Content/MDMedieval/Textures/MDMedieval_Mask_WoodPlatforms.ubulk" 1321
"D:/university work/Little Nightmares 2 UNI PROJECT CLIENT/unreal/Client-brief/Client-brief/ClientBrief1/Content/MDMedieval/Textures/MDMedieval_Mask_WoodPlatforms.uasset" 1322
"D:/university work/Little Nightmares 2 UNI PROJECT CLIENT/unreal/Client-brief/Client-brief/ClientBrief1/Content/MDMedieval/Textures/MDMedieval_Mask_WoodPlatforms.uexp" 1323
"D:/university work/Little Nightmares 2 UNI PROJECT CLIENT/unreal/Client-brief/Client-brief/ClientBrief1/Content/MDMedieval/Materials/MDMedieval_Wood_WoodenPlatform_Mat_Inst.uasset" 1324
"D:/university work/Little Nightmares 2 UNI PROJECT CLIENT/unreal/Client-brief/Client-brief/ClientBrief1/Content/MDMedieval/Materials/MDMedieval_Wood_WoodenPlatform_Mat_Inst.uexp" 1325
"D:/university work/Little Nightmares 2 UNI PROJECT CLIENT/unreal/Client-brief/Client-brief/ClientBrief1/Content/MDMedieval/Materials/MDMedieval_Metal_WoodenPlatform_Mat_Inst.uasset" 1326
"D:/university work/Little Nightmares 2 UNI PROJECT CLIENT/unreal/Client-brief/Client-brief/ClientBrief1/Content/MDMedieval/Materials/MDMedieval_Metal_WoodenPlatform_Mat_Inst.uexp" 1327
"D:/university work/Little Nightmares 2 UNI PROJECT CLIENT/unreal/Client-brief/Client-brief/ClientBrief1/Content/MDMedieval/Meshes/MDMedieval_WoodenPlatform.ubulk" 1328
"D:/university work/Little Nightmares 2 UNI PROJECT CLIENT/unreal/Client-brief/Client-brief/ClientBrief1/Content/MDMedieval/Meshes/MDMedieval_WoodenPlatform.uasset" 1329
"D:/university work/Little Nightmares 2 UNI PROJECT CLIENT/unreal/Client-brief/Client-brief/ClientBrief1/Content/MDMedieval/Meshes/MDMedieval_WoodenPlatform.uexp" 1330
"D:/university work/Little Nightmares 2 UNI PROJECT CLIENT/unreal/Client-brief/Client-brief/ClientBrief1/Content/MDMedieval/Textures/MDMedieval_Mask_BigWardrobe.ubulk" 1331
"D:/university work/Little Nightmares 2 UNI PROJECT CLIENT/unreal/Client-brief/Client-brief/ClientBrief1/Content/MDMedieval/Textures/MDMedieval_Mask_BigWardrobe.uasset" 1332
"D:/university work/Little Nightmares 2 UNI PROJECT CLIENT/unreal/Client-brief/Client-brief/ClientBrief1/Content/MDMedieval/Textures/MDMedieval_Mask_BigWardrobe.uexp" 1333
"D:/university work/Little Nightmares 2 UNI PROJECT CLIENT/unreal/Client-brief/Client-brief/ClientBrief1/Content/MDMedieval/Materials/MDMedieval_Wood_BigWardrobe_Mat_Inst.uasset" 1334
"D:/university work/Little Nightmares 2 UNI PROJECT CLIENT/unreal/Client-brief/Client-brief/ClientBrief1/Content/MDMedieval/Materials/MDMedieval_Wood_BigWardrobe_Mat_Inst.uexp" 1335
"D:/university work/Little Nightmares 2 UNI PROJECT CLIENT/unreal/Client-brief/Client-brief/ClientBrief1/Content/MDMedieval/Meshes/MDMedieval_Furniture_Wardrobe_InnerShelves.ubulk" 1336
"D:/university work/Little Nightmares 2 UNI PROJECT CLIENT/unreal/Client-brief/Client-brief/ClientBrief1/Content/MDMedieval/Meshes/MDMedieval_Furniture_Wardrobe_InnerShelves.uasset" 1337
"D:/university work/Little Nightmares 2 UNI PROJECT CLIENT/unreal/Client-brief/Client-brief/ClientBrief1/Content/MDMedieval/Meshes/MDMedieval_Furniture_Wardrobe_InnerShelves.uexp" 1338
"D:/university work/Little Nightmares 2 UNI PROJECT CLIENT/unreal/Client-brief/Client-brief/ClientBrief1/Content/3DModels/hot_peper_1.ubulk" 1339
"D:/university work/Little Nightmares 2 UNI PROJECT CLIENT/unreal/Client-brief/Client-brief/ClientBrief1/Content/3DModels/hot_peper_1.uasset" 1340
"D:/university work/Little Nightmares 2 UNI PROJECT CLIENT/unreal/Client-brief/Client-brief/ClientBrief1/Content/3DModels/hot_peper_1.uexp" 1341
"D:/university work/Little Nightmares 2 UNI PROJECT CLIENT/unreal/Client-brief/Client-brief/ClientBrief1/Content/3DModels/M_HotPepper.uasset" 1342
"D:/university work/Little Nightmares 2 UNI PROJECT CLIENT/unreal/Client-brief/Client-brief/ClientBrief1/Content/3DModels/M_HotPepper.uexp" 1343
"D:/university work/Little Nightmares 2 UNI PROJECT CLIENT/unreal/Client-brief/Client-brief/ClientBrief1/Content/3DModels/Vegetables/hot_peper.ubulk" 1344
"D:/university work/Little Nightmares 2 UNI PROJECT CLIENT/unreal/Client-brief/Client-brief/ClientBrief1/Content/3DModels/Vegetables/hot_peper.uasset" 1345
"D:/university work/Little Nightmares 2 UNI PROJECT CLIENT/unreal/Client-brief/Client-brief/ClientBrief1/Content/3DModels/Vegetables/hot_peper.uexp" 1346
"D:/university work/Little Nightmares 2 UNI PROJECT CLIENT/unreal/Client-brief/Client-brief/ClientBrief1/Content/MDMedieval/Meshes/MDMedieval_Furniture_Table_Spoon.ubulk" 1347
"D:/university work/Little Nightmares 2 UNI PROJECT CLIENT/unreal/Client-brief/Client-brief/ClientBrief1/Content/MDMedieval/Meshes/MDMedieval_Furniture_Table_Spoon.uasset" 1348
"D:/university work/Little Nightmares 2 UNI PROJECT CLIENT/unreal/Client-brief/Client-brief/ClientBrief1/Content/MDMedieval/Meshes/MDMedieval_Furniture_Table_Spoon.uexp" 1349
"../../../Engine/Plugins/Interchange/Assets/Content/gltf/MaterialInstances/MI_Transmission.uasset" 1350
"../../../Engine/Plugins/Interchange/Assets/Content/gltf/MaterialInstances/MI_Transmission.uexp" 1351
"D:/university work/Little Nightmares 2 UNI PROJECT CLIENT/unreal/Client-brief/Client-brief/ClientBrief1/Content/Fab/Health_potion/health_potion_texture_2.ubulk" 1352
"D:/university work/Little Nightmares 2 UNI PROJECT CLIENT/unreal/Client-brief/Client-brief/ClientBrief1/Content/Fab/Health_potion/health_potion_texture_2.uasset" 1353
"D:/university work/Little Nightmares 2 UNI PROJECT CLIENT/unreal/Client-brief/Client-brief/ClientBrief1/Content/Fab/Health_potion/health_potion_texture_2.uexp" 1354
"D:/university work/Little Nightmares 2 UNI PROJECT CLIENT/unreal/Client-brief/Client-brief/ClientBrief1/Content/Fab/Health_potion/health_potion_texture_3.ubulk" 1355
"D:/university work/Little Nightmares 2 UNI PROJECT CLIENT/unreal/Client-brief/Client-brief/ClientBrief1/Content/Fab/Health_potion/health_potion_texture_3.uasset" 1356
"D:/university work/Little Nightmares 2 UNI PROJECT CLIENT/unreal/Client-brief/Client-brief/ClientBrief1/Content/Fab/Health_potion/health_potion_texture_3.uexp" 1357
"D:/university work/Little Nightmares 2 UNI PROJECT CLIENT/unreal/Client-brief/Client-brief/ClientBrief1/Content/Fab/Health_potion/health_potion_texture_5.ubulk" 1358
"D:/university work/Little Nightmares 2 UNI PROJECT CLIENT/unreal/Client-brief/Client-brief/ClientBrief1/Content/Fab/Health_potion/health_potion_texture_5.uasset" 1359
"D:/university work/Little Nightmares 2 UNI PROJECT CLIENT/unreal/Client-brief/Client-brief/ClientBrief1/Content/Fab/Health_potion/health_potion_texture_5.uexp" 1360
"D:/university work/Little Nightmares 2 UNI PROJECT CLIENT/unreal/Client-brief/Client-brief/ClientBrief1/Content/Fab/Health_potion/health_potion_texture_6.ubulk" 1361
"D:/university work/Little Nightmares 2 UNI PROJECT CLIENT/unreal/Client-brief/Client-brief/ClientBrief1/Content/Fab/Health_potion/health_potion_texture_6.uasset" 1362
"D:/university work/Little Nightmares 2 UNI PROJECT CLIENT/unreal/Client-brief/Client-brief/ClientBrief1/Content/Fab/Health_potion/health_potion_texture_6.uexp" 1363
"D:/university work/Little Nightmares 2 UNI PROJECT CLIENT/unreal/Client-brief/Client-brief/ClientBrief1/Content/Fab/Health_potion/elixirMat.uasset" 1364
"D:/university work/Little Nightmares 2 UNI PROJECT CLIENT/unreal/Client-brief/Client-brief/ClientBrief1/Content/Fab/Health_potion/elixirMat.uexp" 1365
"../../../Engine/Plugins/Interchange/Assets/Content/gltf/MaterialInstances/MI_Default_Blend_DS.uasset" 1366
"../../../Engine/Plugins/Interchange/Assets/Content/gltf/MaterialInstances/MI_Default_Blend_DS.uexp" 1367
"D:/university work/Little Nightmares 2 UNI PROJECT CLIENT/unreal/Client-brief/Client-brief/ClientBrief1/Content/Fab/Health_potion/health_potion_texture_0.ubulk" 1368
"D:/university work/Little Nightmares 2 UNI PROJECT CLIENT/unreal/Client-brief/Client-brief/ClientBrief1/Content/Fab/Health_potion/health_potion_texture_0.uasset" 1369
"D:/university work/Little Nightmares 2 UNI PROJECT CLIENT/unreal/Client-brief/Client-brief/ClientBrief1/Content/Fab/Health_potion/health_potion_texture_0.uexp" 1370
"D:/university work/Little Nightmares 2 UNI PROJECT CLIENT/unreal/Client-brief/Client-brief/ClientBrief1/Content/Fab/Health_potion/health_potion_texture_1.ubulk" 1371
"D:/university work/Little Nightmares 2 UNI PROJECT CLIENT/unreal/Client-brief/Client-brief/ClientBrief1/Content/Fab/Health_potion/health_potion_texture_1.uasset" 1372
"D:/university work/Little Nightmares 2 UNI PROJECT CLIENT/unreal/Client-brief/Client-brief/ClientBrief1/Content/Fab/Health_potion/health_potion_texture_1.uexp" 1373
"D:/university work/Little Nightmares 2 UNI PROJECT CLIENT/unreal/Client-brief/Client-brief/ClientBrief1/Content/Fab/Health_potion/Plus.uasset" 1374
"D:/university work/Little Nightmares 2 UNI PROJECT CLIENT/unreal/Client-brief/Client-brief/ClientBrief1/Content/Fab/Health_potion/Plus.uexp" 1375
"D:/university work/Little Nightmares 2 UNI PROJECT CLIENT/unreal/Client-brief/Client-brief/ClientBrief1/Content/Fab/Health_potion/health_potion.ubulk" 1376
"D:/university work/Little Nightmares 2 UNI PROJECT CLIENT/unreal/Client-brief/Client-brief/ClientBrief1/Content/Fab/Health_potion/health_potion.uasset" 1377
"D:/university work/Little Nightmares 2 UNI PROJECT CLIENT/unreal/Client-brief/Client-brief/ClientBrief1/Content/Fab/Health_potion/health_potion.uexp" 1378
"D:/university work/Little Nightmares 2 UNI PROJECT CLIENT/unreal/Client-brief/Client-brief/ClientBrief1/Content/ThirdPerson/Blueprints/BP_Melt_Potion.uasset" 1379
"D:/university work/Little Nightmares 2 UNI PROJECT CLIENT/unreal/Client-brief/Client-brief/ClientBrief1/Content/ThirdPerson/Blueprints/BP_Melt_Potion.uexp" 1380
"D:/university work/Little Nightmares 2 UNI PROJECT CLIENT/unreal/Client-brief/Client-brief/ClientBrief1/Content/MDMedieval/Meshes/MDMedieval_Furniture_Pot.ubulk" 1381
"D:/university work/Little Nightmares 2 UNI PROJECT CLIENT/unreal/Client-brief/Client-brief/ClientBrief1/Content/MDMedieval/Meshes/MDMedieval_Furniture_Pot.uasset" 1382
"D:/university work/Little Nightmares 2 UNI PROJECT CLIENT/unreal/Client-brief/Client-brief/ClientBrief1/Content/MDMedieval/Meshes/MDMedieval_Furniture_Pot.uexp" 1383
"D:/university work/Little Nightmares 2 UNI PROJECT CLIENT/unreal/Client-brief/Client-brief/ClientBrief1/Content/UI/Restart/WBP_Restart.uasset" 1384
"D:/university work/Little Nightmares 2 UNI PROJECT CLIENT/unreal/Client-brief/Client-brief/ClientBrief1/Content/UI/Restart/WBP_Restart.uexp" 1385
"D:/university work/Little Nightmares 2 UNI PROJECT CLIENT/unreal/Client-brief/Client-brief/ClientBrief1/Content/UI/Couldron/WBP_Interact.uasset" 1386
"D:/university work/Little Nightmares 2 UNI PROJECT CLIENT/unreal/Client-brief/Client-brief/ClientBrief1/Content/UI/Couldron/WBP_Interact.uexp" 1387
"D:/university work/Little Nightmares 2 UNI PROJECT CLIENT/unreal/Client-brief/Client-brief/ClientBrief1/Content/ThirdPerson/Blueprints/BP_Cauldron.uasset" 1388
"D:/university work/Little Nightmares 2 UNI PROJECT CLIENT/unreal/Client-brief/Client-brief/ClientBrief1/Content/ThirdPerson/Blueprints/BP_Cauldron.uexp" 1389
"D:/university work/Little Nightmares 2 UNI PROJECT CLIENT/unreal/Client-brief/Client-brief/ClientBrief1/Content/MDMedieval/Textures/MDMedieval_Mask_SmallWardrobe.ubulk" 1390
"D:/university work/Little Nightmares 2 UNI PROJECT CLIENT/unreal/Client-brief/Client-brief/ClientBrief1/Content/MDMedieval/Textures/MDMedieval_Mask_SmallWardrobe.uasset" 1391
"D:/university work/Little Nightmares 2 UNI PROJECT CLIENT/unreal/Client-brief/Client-brief/ClientBrief1/Content/MDMedieval/Textures/MDMedieval_Mask_SmallWardrobe.uexp" 1392
"D:/university work/Little Nightmares 2 UNI PROJECT CLIENT/unreal/Client-brief/Client-brief/ClientBrief1/Content/MDMedieval/Materials/MDMedieval_Wood_SmallWardrobe_Mat_Inst.uasset" 1393
"D:/university work/Little Nightmares 2 UNI PROJECT CLIENT/unreal/Client-brief/Client-brief/ClientBrief1/Content/MDMedieval/Materials/MDMedieval_Wood_SmallWardrobe_Mat_Inst.uexp" 1394
"D:/university work/Little Nightmares 2 UNI PROJECT CLIENT/unreal/Client-brief/Client-brief/ClientBrief1/Content/MDMedieval/Meshes/MDMedieval_Furniture_Wardrobe_Small.ubulk" 1395
"D:/university work/Little Nightmares 2 UNI PROJECT CLIENT/unreal/Client-brief/Client-brief/ClientBrief1/Content/MDMedieval/Meshes/MDMedieval_Furniture_Wardrobe_Small.uasset" 1396
"D:/university work/Little Nightmares 2 UNI PROJECT CLIENT/unreal/Client-brief/Client-brief/ClientBrief1/Content/MDMedieval/Meshes/MDMedieval_Furniture_Wardrobe_Small.uexp" 1397
"D:/university work/Little Nightmares 2 UNI PROJECT CLIENT/unreal/Client-brief/Client-brief/ClientBrief1/Content/MDMedieval/Materials/MDMedieval_Metal_TableFurns_Mat_Inst.uasset" 1398
"D:/university work/Little Nightmares 2 UNI PROJECT CLIENT/unreal/Client-brief/Client-brief/ClientBrief1/Content/MDMedieval/Materials/MDMedieval_Metal_TableFurns_Mat_Inst.uexp" 1399
"D:/university work/Little Nightmares 2 UNI PROJECT CLIENT/unreal/Client-brief/Client-brief/ClientBrief1/Content/MDMedieval/Meshes/MDMedieval_Furniture_Table_Pot.ubulk" 1400
"D:/university work/Little Nightmares 2 UNI PROJECT CLIENT/unreal/Client-brief/Client-brief/ClientBrief1/Content/MDMedieval/Meshes/MDMedieval_Furniture_Table_Pot.uasset" 1401
"D:/university work/Little Nightmares 2 UNI PROJECT CLIENT/unreal/Client-brief/Client-brief/ClientBrief1/Content/MDMedieval/Meshes/MDMedieval_Furniture_Table_Pot.uexp" 1402
"D:/university work/Little Nightmares 2 UNI PROJECT CLIENT/unreal/Client-brief/Client-brief/ClientBrief1/Content/MDMedieval/Textures/MDMedieval_Mask_FirePits.ubulk" 1403
"D:/university work/Little Nightmares 2 UNI PROJECT CLIENT/unreal/Client-brief/Client-brief/ClientBrief1/Content/MDMedieval/Textures/MDMedieval_Mask_FirePits.uasset" 1404
"D:/university work/Little Nightmares 2 UNI PROJECT CLIENT/unreal/Client-brief/Client-brief/ClientBrief1/Content/MDMedieval/Textures/MDMedieval_Mask_FirePits.uexp" 1405
"D:/university work/Little Nightmares 2 UNI PROJECT CLIENT/unreal/Client-brief/Client-brief/ClientBrief1/Content/MDMedieval/Materials/MDMedieval_Metal_FirePits_Mat_Inst.uasset" 1406
"D:/university work/Little Nightmares 2 UNI PROJECT CLIENT/unreal/Client-brief/Client-brief/ClientBrief1/Content/MDMedieval/Materials/MDMedieval_Metal_FirePits_Mat_Inst.uexp" 1407
"D:/university work/Little Nightmares 2 UNI PROJECT CLIENT/unreal/Client-brief/Client-brief/ClientBrief1/Content/MDMedieval/Meshes/MDMedieval_Furniture_FirePit.ubulk" 1408
"D:/university work/Little Nightmares 2 UNI PROJECT CLIENT/unreal/Client-brief/Client-brief/ClientBrief1/Content/MDMedieval/Meshes/MDMedieval_Furniture_FirePit.uasset" 1409
"D:/university work/Little Nightmares 2 UNI PROJECT CLIENT/unreal/Client-brief/Client-brief/ClientBrief1/Content/MDMedieval/Meshes/MDMedieval_Furniture_FirePit.uexp" 1410
"D:/university work/Little Nightmares 2 UNI PROJECT CLIENT/unreal/Client-brief/Client-brief/ClientBrief1/Content/Food_Props_Kit/Textures/Wood/T_Wood8_OcclusionRoughnessMetallic.ubulk" 1411
"D:/university work/Little Nightmares 2 UNI PROJECT CLIENT/unreal/Client-brief/Client-brief/ClientBrief1/Content/Food_Props_Kit/Textures/Wood/T_Wood8_OcclusionRoughnessMetallic.uasset" 1412
"D:/university work/Little Nightmares 2 UNI PROJECT CLIENT/unreal/Client-brief/Client-brief/ClientBrief1/Content/Food_Props_Kit/Textures/Wood/T_Wood8_OcclusionRoughnessMetallic.uexp" 1413
"D:/university work/Little Nightmares 2 UNI PROJECT CLIENT/unreal/Client-brief/Client-brief/ClientBrief1/Content/Food_Props_Kit/Textures/Wood/T_Wood1_OcclusionRoughnessMetallic.ubulk" 1414
"D:/university work/Little Nightmares 2 UNI PROJECT CLIENT/unreal/Client-brief/Client-brief/ClientBrief1/Content/Food_Props_Kit/Textures/Wood/T_Wood1_OcclusionRoughnessMetallic.uasset" 1415
"D:/university work/Little Nightmares 2 UNI PROJECT CLIENT/unreal/Client-brief/Client-brief/ClientBrief1/Content/Food_Props_Kit/Textures/Wood/T_Wood1_OcclusionRoughnessMetallic.uexp" 1416
"D:/university work/Little Nightmares 2 UNI PROJECT CLIENT/unreal/Client-brief/Client-brief/ClientBrief1/Content/Food_Props_Kit/Textures/Wood/T_Wood1_Normal.ubulk" 1417
"D:/university work/Little Nightmares 2 UNI PROJECT CLIENT/unreal/Client-brief/Client-brief/ClientBrief1/Content/Food_Props_Kit/Textures/Wood/T_Wood1_Normal.uasset" 1418
"D:/university work/Little Nightmares 2 UNI PROJECT CLIENT/unreal/Client-brief/Client-brief/ClientBrief1/Content/Food_Props_Kit/Textures/Wood/T_Wood1_Normal.uexp" 1419
"D:/university work/Little Nightmares 2 UNI PROJECT CLIENT/unreal/Client-brief/Client-brief/ClientBrief1/Content/Food_Props_Kit/Textures/Wood/T_Wood1_BaseColor.ubulk" 1420
"D:/university work/Little Nightmares 2 UNI PROJECT CLIENT/unreal/Client-brief/Client-brief/ClientBrief1/Content/Food_Props_Kit/Textures/Wood/T_Wood1_BaseColor.uasset" 1421
"D:/university work/Little Nightmares 2 UNI PROJECT CLIENT/unreal/Client-brief/Client-brief/ClientBrief1/Content/Food_Props_Kit/Textures/Wood/T_Wood1_BaseColor.uexp" 1422
"D:/university work/Little Nightmares 2 UNI PROJECT CLIENT/unreal/Client-brief/Client-brief/ClientBrief1/Content/Food_Props_Kit/Materials/Master_Materials/M_Wood.uasset" 1423
"D:/university work/Little Nightmares 2 UNI PROJECT CLIENT/unreal/Client-brief/Client-brief/ClientBrief1/Content/Food_Props_Kit/Materials/Master_Materials/M_Wood.uexp" 1424
"D:/university work/Little Nightmares 2 UNI PROJECT CLIENT/unreal/Client-brief/Client-brief/ClientBrief1/Content/Food_Props_Kit/Textures/Wood/T_Wood8_Normal.ubulk" 1425
"D:/university work/Little Nightmares 2 UNI PROJECT CLIENT/unreal/Client-brief/Client-brief/ClientBrief1/Content/Food_Props_Kit/Textures/Wood/T_Wood8_Normal.uasset" 1426
"D:/university work/Little Nightmares 2 UNI PROJECT CLIENT/unreal/Client-brief/Client-brief/ClientBrief1/Content/Food_Props_Kit/Textures/Wood/T_Wood8_Normal.uexp" 1427
"D:/university work/Little Nightmares 2 UNI PROJECT CLIENT/unreal/Client-brief/Client-brief/ClientBrief1/Content/Food_Props_Kit/Textures/Wood/T_Wood8_BaseColor.ubulk" 1428
"D:/university work/Little Nightmares 2 UNI PROJECT CLIENT/unreal/Client-brief/Client-brief/ClientBrief1/Content/Food_Props_Kit/Textures/Wood/T_Wood8_BaseColor.uasset" 1429
"D:/university work/Little Nightmares 2 UNI PROJECT CLIENT/unreal/Client-brief/Client-brief/ClientBrief1/Content/Food_Props_Kit/Textures/Wood/T_Wood8_BaseColor.uexp" 1430
"D:/university work/Little Nightmares 2 UNI PROJECT CLIENT/unreal/Client-brief/Client-brief/ClientBrief1/Content/Food_Props_Kit/Materials/Material_Instances/MI_Wood_3.uasset" 1431
"D:/university work/Little Nightmares 2 UNI PROJECT CLIENT/unreal/Client-brief/Client-brief/ClientBrief1/Content/Food_Props_Kit/Materials/Material_Instances/MI_Wood_3.uexp" 1432
"D:/university work/Little Nightmares 2 UNI PROJECT CLIENT/unreal/Client-brief/Client-brief/ClientBrief1/Content/Food_Props_Kit/Textures/Metal/T_Metal1_Normal.ubulk" 1433
"D:/university work/Little Nightmares 2 UNI PROJECT CLIENT/unreal/Client-brief/Client-brief/ClientBrief1/Content/Food_Props_Kit/Textures/Metal/T_Metal1_Normal.uasset" 1434
"D:/university work/Little Nightmares 2 UNI PROJECT CLIENT/unreal/Client-brief/Client-brief/ClientBrief1/Content/Food_Props_Kit/Textures/Metal/T_Metal1_Normal.uexp" 1435
"D:/university work/Little Nightmares 2 UNI PROJECT CLIENT/unreal/Client-brief/Client-brief/ClientBrief1/Content/Food_Props_Kit/Textures/Metal/T_Metal1_OcclusionRoughnessMetallic.ubulk" 1436
"D:/university work/Little Nightmares 2 UNI PROJECT CLIENT/unreal/Client-brief/Client-brief/ClientBrief1/Content/Food_Props_Kit/Textures/Metal/T_Metal1_OcclusionRoughnessMetallic.uasset" 1437
"D:/university work/Little Nightmares 2 UNI PROJECT CLIENT/unreal/Client-brief/Client-brief/ClientBrief1/Content/Food_Props_Kit/Textures/Metal/T_Metal1_OcclusionRoughnessMetallic.uexp" 1438
"D:/university work/Little Nightmares 2 UNI PROJECT CLIENT/unreal/Client-brief/Client-brief/ClientBrief1/Content/Food_Props_Kit/Textures/Metal/T_Metal1_BaseColor.ubulk" 1439
"D:/university work/Little Nightmares 2 UNI PROJECT CLIENT/unreal/Client-brief/Client-brief/ClientBrief1/Content/Food_Props_Kit/Textures/Metal/T_Metal1_BaseColor.uasset" 1440
"D:/university work/Little Nightmares 2 UNI PROJECT CLIENT/unreal/Client-brief/Client-brief/ClientBrief1/Content/Food_Props_Kit/Textures/Metal/T_Metal1_BaseColor.uexp" 1441
"D:/university work/Little Nightmares 2 UNI PROJECT CLIENT/unreal/Client-brief/Client-brief/ClientBrief1/Content/Food_Props_Kit/Materials/Master_Materials/M_Metal.uasset" 1442
"D:/university work/Little Nightmares 2 UNI PROJECT CLIENT/unreal/Client-brief/Client-brief/ClientBrief1/Content/Food_Props_Kit/Materials/Master_Materials/M_Metal.uexp" 1443
"D:/university work/Little Nightmares 2 UNI PROJECT CLIENT/unreal/Client-brief/Client-brief/ClientBrief1/Content/Food_Props_Kit/Materials/Material_Instances/MI_Metal_1.uasset" 1444
"D:/university work/Little Nightmares 2 UNI PROJECT CLIENT/unreal/Client-brief/Client-brief/ClientBrief1/Content/Food_Props_Kit/Materials/Material_Instances/MI_Metal_1.uexp" 1445
"D:/university work/Little Nightmares 2 UNI PROJECT CLIENT/unreal/Client-brief/Client-brief/ClientBrief1/Content/Food_Props_Kit/Textures/Metal/T_Metal5_Normal.ubulk" 1446
"D:/university work/Little Nightmares 2 UNI PROJECT CLIENT/unreal/Client-brief/Client-brief/ClientBrief1/Content/Food_Props_Kit/Textures/Metal/T_Metal5_Normal.uasset" 1447
"D:/university work/Little Nightmares 2 UNI PROJECT CLIENT/unreal/Client-brief/Client-brief/ClientBrief1/Content/Food_Props_Kit/Textures/Metal/T_Metal5_Normal.uexp" 1448
"D:/university work/Little Nightmares 2 UNI PROJECT CLIENT/unreal/Client-brief/Client-brief/ClientBrief1/Content/Food_Props_Kit/Textures/Metal/T_Metal5_OcclusionRoughnessMetallic.ubulk" 1449
"D:/university work/Little Nightmares 2 UNI PROJECT CLIENT/unreal/Client-brief/Client-brief/ClientBrief1/Content/Food_Props_Kit/Textures/Metal/T_Metal5_OcclusionRoughnessMetallic.uasset" 1450
"D:/university work/Little Nightmares 2 UNI PROJECT CLIENT/unreal/Client-brief/Client-brief/ClientBrief1/Content/Food_Props_Kit/Textures/Metal/T_Metal5_OcclusionRoughnessMetallic.uexp" 1451
"D:/university work/Little Nightmares 2 UNI PROJECT CLIENT/unreal/Client-brief/Client-brief/ClientBrief1/Content/Food_Props_Kit/Textures/Metal/T_Metal5_BaseColor.ubulk" 1452
"D:/university work/Little Nightmares 2 UNI PROJECT CLIENT/unreal/Client-brief/Client-brief/ClientBrief1/Content/Food_Props_Kit/Textures/Metal/T_Metal5_BaseColor.uasset" 1453
"D:/university work/Little Nightmares 2 UNI PROJECT CLIENT/unreal/Client-brief/Client-brief/ClientBrief1/Content/Food_Props_Kit/Textures/Metal/T_Metal5_BaseColor.uexp" 1454
"D:/university work/Little Nightmares 2 UNI PROJECT CLIENT/unreal/Client-brief/Client-brief/ClientBrief1/Content/Food_Props_Kit/Materials/Material_Instances/MI_Metal_2.uasset" 1455
"D:/university work/Little Nightmares 2 UNI PROJECT CLIENT/unreal/Client-brief/Client-brief/ClientBrief1/Content/Food_Props_Kit/Materials/Material_Instances/MI_Metal_2.uexp" 1456
"D:/university work/Little Nightmares 2 UNI PROJECT CLIENT/unreal/Client-brief/Client-brief/ClientBrief1/Content/Food_Props_Kit/Meshes/SM_Barel1Open.ubulk" 1457
"D:/university work/Little Nightmares 2 UNI PROJECT CLIENT/unreal/Client-brief/Client-brief/ClientBrief1/Content/Food_Props_Kit/Meshes/SM_Barel1Open.uasset" 1458
"D:/university work/Little Nightmares 2 UNI PROJECT CLIENT/unreal/Client-brief/Client-brief/ClientBrief1/Content/Food_Props_Kit/Meshes/SM_Barel1Open.uexp" 1459
"D:/university work/Little Nightmares 2 UNI PROJECT CLIENT/unreal/Client-brief/Client-brief/ClientBrief1/Content/Food_Props_Kit/Textures/Fruits/T_Watermelon1_BaseColor.ubulk" 1460
"D:/university work/Little Nightmares 2 UNI PROJECT CLIENT/unreal/Client-brief/Client-brief/ClientBrief1/Content/Food_Props_Kit/Textures/Fruits/T_Watermelon1_BaseColor.uasset" 1461
"D:/university work/Little Nightmares 2 UNI PROJECT CLIENT/unreal/Client-brief/Client-brief/ClientBrief1/Content/Food_Props_Kit/Textures/Fruits/T_Watermelon1_BaseColor.uexp" 1462
"D:/university work/Little Nightmares 2 UNI PROJECT CLIENT/unreal/Client-brief/Client-brief/ClientBrief1/Content/Food_Props_Kit/Textures/Vegetables/T_Mushroom3_BaseColor.ubulk" 1463
"D:/university work/Little Nightmares 2 UNI PROJECT CLIENT/unreal/Client-brief/Client-brief/ClientBrief1/Content/Food_Props_Kit/Textures/Vegetables/T_Mushroom3_BaseColor.uasset" 1464
"D:/university work/Little Nightmares 2 UNI PROJECT CLIENT/unreal/Client-brief/Client-brief/ClientBrief1/Content/Food_Props_Kit/Textures/Vegetables/T_Mushroom3_BaseColor.uexp" 1465
"D:/university work/Little Nightmares 2 UNI PROJECT CLIENT/unreal/Client-brief/Client-brief/ClientBrief1/Content/Food_Props_Kit/Textures/Vegetables/T_Mushroom3_OcclusionRoughnessMetallic.ubulk" 1466
"D:/university work/Little Nightmares 2 UNI PROJECT CLIENT/unreal/Client-brief/Client-brief/ClientBrief1/Content/Food_Props_Kit/Textures/Vegetables/T_Mushroom3_OcclusionRoughnessMetallic.uasset" 1467
"D:/university work/Little Nightmares 2 UNI PROJECT CLIENT/unreal/Client-brief/Client-brief/ClientBrief1/Content/Food_Props_Kit/Textures/Vegetables/T_Mushroom3_OcclusionRoughnessMetallic.uexp" 1468
"D:/university work/Little Nightmares 2 UNI PROJECT CLIENT/unreal/Client-brief/Client-brief/ClientBrief1/Content/Food_Props_Kit/Textures/Fruits/T_Watermelon1_OcclusionRoughnessMetallic.ubulk" 1469
"D:/university work/Little Nightmares 2 UNI PROJECT CLIENT/unreal/Client-brief/Client-brief/ClientBrief1/Content/Food_Props_Kit/Textures/Fruits/T_Watermelon1_OcclusionRoughnessMetallic.uasset" 1470
"D:/university work/Little Nightmares 2 UNI PROJECT CLIENT/unreal/Client-brief/Client-brief/ClientBrief1/Content/Food_Props_Kit/Textures/Fruits/T_Watermelon1_OcclusionRoughnessMetallic.uexp" 1471
"D:/university work/Little Nightmares 2 UNI PROJECT CLIENT/unreal/Client-brief/Client-brief/ClientBrief1/Content/Food_Props_Kit/Textures/Fruits/T_Watermelon1_Normal.ubulk" 1472
"D:/university work/Little Nightmares 2 UNI PROJECT CLIENT/unreal/Client-brief/Client-brief/ClientBrief1/Content/Food_Props_Kit/Textures/Fruits/T_Watermelon1_Normal.uasset" 1473
"D:/university work/Little Nightmares 2 UNI PROJECT CLIENT/unreal/Client-brief/Client-brief/ClientBrief1/Content/Food_Props_Kit/Textures/Fruits/T_Watermelon1_Normal.uexp" 1474
"D:/university work/Little Nightmares 2 UNI PROJECT CLIENT/unreal/Client-brief/Client-brief/ClientBrief1/Content/Food_Props_Kit/Materials/Master_Materials/M_Food.uasset" 1475
"D:/university work/Little Nightmares 2 UNI PROJECT CLIENT/unreal/Client-brief/Client-brief/ClientBrief1/Content/Food_Props_Kit/Materials/Master_Materials/M_Food.uexp" 1476
"D:/university work/Little Nightmares 2 UNI PROJECT CLIENT/unreal/Client-brief/Client-brief/ClientBrief1/Content/Food_Props_Kit/Textures/Vegetables/T_Mushroom3_Normal.ubulk" 1477
"D:/university work/Little Nightmares 2 UNI PROJECT CLIENT/unreal/Client-brief/Client-brief/ClientBrief1/Content/Food_Props_Kit/Textures/Vegetables/T_Mushroom3_Normal.uasset" 1478
"D:/university work/Little Nightmares 2 UNI PROJECT CLIENT/unreal/Client-brief/Client-brief/ClientBrief1/Content/Food_Props_Kit/Textures/Vegetables/T_Mushroom3_Normal.uexp" 1479
"D:/university work/Little Nightmares 2 UNI PROJECT CLIENT/unreal/Client-brief/Client-brief/ClientBrief1/Content/Food_Props_Kit/Materials/Material_Instances/Vegetables/MI_Mushroom3.uasset" 1480
"D:/university work/Little Nightmares 2 UNI PROJECT CLIENT/unreal/Client-brief/Client-brief/ClientBrief1/Content/Food_Props_Kit/Materials/Material_Instances/Vegetables/MI_Mushroom3.uexp" 1481
"D:/university work/Little Nightmares 2 UNI PROJECT CLIENT/unreal/Client-brief/Client-brief/ClientBrief1/Content/Food_Props_Kit/Meshes/SM_Mushroom3.ubulk" 1482
"D:/university work/Little Nightmares 2 UNI PROJECT CLIENT/unreal/Client-brief/Client-brief/ClientBrief1/Content/Food_Props_Kit/Meshes/SM_Mushroom3.uasset" 1483
"D:/university work/Little Nightmares 2 UNI PROJECT CLIENT/unreal/Client-brief/Client-brief/ClientBrief1/Content/Food_Props_Kit/Meshes/SM_Mushroom3.uexp" 1484
"D:/university work/Little Nightmares 2 UNI PROJECT CLIENT/unreal/Client-brief/Client-brief/ClientBrief1/Content/MDMedieval/Textures/MDMedieval_Mask_Chains.ubulk" 1485
"D:/university work/Little Nightmares 2 UNI PROJECT CLIENT/unreal/Client-brief/Client-brief/ClientBrief1/Content/MDMedieval/Textures/MDMedieval_Mask_Chains.uasset" 1486
"D:/university work/Little Nightmares 2 UNI PROJECT CLIENT/unreal/Client-brief/Client-brief/ClientBrief1/Content/MDMedieval/Textures/MDMedieval_Mask_Chains.uexp" 1487
"D:/university work/Little Nightmares 2 UNI PROJECT CLIENT/unreal/Client-brief/Client-brief/ClientBrief1/Content/MDMedieval/Materials/MDMedieval_Metal_Chains_Mat_Inst.uasset" 1488
"D:/university work/Little Nightmares 2 UNI PROJECT CLIENT/unreal/Client-brief/Client-brief/ClientBrief1/Content/MDMedieval/Materials/MDMedieval_Metal_Chains_Mat_Inst.uexp" 1489
"D:/university work/Little Nightmares 2 UNI PROJECT CLIENT/unreal/Client-brief/Client-brief/ClientBrief1/Content/MDMedieval/Meshes/MDMedieval_Prison_Chains_Alt.ubulk" 1490
"D:/university work/Little Nightmares 2 UNI PROJECT CLIENT/unreal/Client-brief/Client-brief/ClientBrief1/Content/MDMedieval/Meshes/MDMedieval_Prison_Chains_Alt.uasset" 1491
"D:/university work/Little Nightmares 2 UNI PROJECT CLIENT/unreal/Client-brief/Client-brief/ClientBrief1/Content/MDMedieval/Meshes/MDMedieval_Prison_Chains_Alt.uexp" 1492
"D:/university work/Little Nightmares 2 UNI PROJECT CLIENT/unreal/Client-brief/Client-brief/ClientBrief1/Content/MDMedieval/Meshes/MDMedieval_Furniture_Table_Cup.ubulk" 1493
"D:/university work/Little Nightmares 2 UNI PROJECT CLIENT/unreal/Client-brief/Client-brief/ClientBrief1/Content/MDMedieval/Meshes/MDMedieval_Furniture_Table_Cup.uasset" 1494
"D:/university work/Little Nightmares 2 UNI PROJECT CLIENT/unreal/Client-brief/Client-brief/ClientBrief1/Content/MDMedieval/Meshes/MDMedieval_Furniture_Table_Cup.uexp" 1495
"D:/university work/Little Nightmares 2 UNI PROJECT CLIENT/unreal/Client-brief/Client-brief/ClientBrief1/Content/MDMedieval/Textures/MDMedieval_Wall_Side_RHA.ubulk" 1496
"D:/university work/Little Nightmares 2 UNI PROJECT CLIENT/unreal/Client-brief/Client-brief/ClientBrief1/Content/MDMedieval/Textures/MDMedieval_Wall_Side_RHA.uasset" 1497
"D:/university work/Little Nightmares 2 UNI PROJECT CLIENT/unreal/Client-brief/Client-brief/ClientBrief1/Content/MDMedieval/Textures/MDMedieval_Wall_Side_RHA.uexp" 1498
"D:/university work/Little Nightmares 2 UNI PROJECT CLIENT/unreal/Client-brief/Client-brief/ClientBrief1/Content/MDMedieval/Textures/MDMedieval_Wall_Side_normal.ubulk" 1499
"D:/university work/Little Nightmares 2 UNI PROJECT CLIENT/unreal/Client-brief/Client-brief/ClientBrief1/Content/MDMedieval/Textures/MDMedieval_Wall_Side_normal.uasset" 1500
"D:/university work/Little Nightmares 2 UNI PROJECT CLIENT/unreal/Client-brief/Client-brief/ClientBrief1/Content/MDMedieval/Textures/MDMedieval_Wall_Side_normal.uexp" 1501
"D:/university work/Little Nightmares 2 UNI PROJECT CLIENT/unreal/Client-brief/Client-brief/ClientBrief1/Content/MDMedieval/Textures/MDMedieval_Wall_Side_basecolor.ubulk" 1502
"D:/university work/Little Nightmares 2 UNI PROJECT CLIENT/unreal/Client-brief/Client-brief/ClientBrief1/Content/MDMedieval/Textures/MDMedieval_Wall_Side_basecolor.uasset" 1503
"D:/university work/Little Nightmares 2 UNI PROJECT CLIENT/unreal/Client-brief/Client-brief/ClientBrief1/Content/MDMedieval/Textures/MDMedieval_Wall_Side_basecolor.uexp" 1504
"D:/university work/Little Nightmares 2 UNI PROJECT CLIENT/unreal/Client-brief/Client-brief/ClientBrief1/Content/MDMedieval/Materials/MDMedieval_Wall_Side_Main_Mat.uasset" 1505
"D:/university work/Little Nightmares 2 UNI PROJECT CLIENT/unreal/Client-brief/Client-brief/ClientBrief1/Content/MDMedieval/Materials/MDMedieval_Wall_Side_Main_Mat.uexp" 1506
"D:/university work/Little Nightmares 2 UNI PROJECT CLIENT/unreal/Client-brief/Client-brief/ClientBrief1/Content/MDMedieval/Materials/MDMedieval_Wall_Corner_Mat_Inst.uasset" 1507
"D:/university work/Little Nightmares 2 UNI PROJECT CLIENT/unreal/Client-brief/Client-brief/ClientBrief1/Content/MDMedieval/Materials/MDMedieval_Wall_Corner_Mat_Inst.uexp" 1508
"D:/university work/Little Nightmares 2 UNI PROJECT CLIENT/unreal/Client-brief/Client-brief/ClientBrief1/Content/MDMedieval/Meshes/MDMedieval_Wall_Corner.ubulk" 1509
"D:/university work/Little Nightmares 2 UNI PROJECT CLIENT/unreal/Client-brief/Client-brief/ClientBrief1/Content/MDMedieval/Meshes/MDMedieval_Wall_Corner.uasset" 1510
"D:/university work/Little Nightmares 2 UNI PROJECT CLIENT/unreal/Client-brief/Client-brief/ClientBrief1/Content/MDMedieval/Meshes/MDMedieval_Wall_Corner.uexp" 1511
"D:/university work/Little Nightmares 2 UNI PROJECT CLIENT/unreal/Client-brief/Client-brief/ClientBrief1/Content/Food_Props_Kit/Textures/Vegetables/T_Mushroom4_Normal.ubulk" 1512
"D:/university work/Little Nightmares 2 UNI PROJECT CLIENT/unreal/Client-brief/Client-brief/ClientBrief1/Content/Food_Props_Kit/Textures/Vegetables/T_Mushroom4_Normal.uasset" 1513
"D:/university work/Little Nightmares 2 UNI PROJECT CLIENT/unreal/Client-brief/Client-brief/ClientBrief1/Content/Food_Props_Kit/Textures/Vegetables/T_Mushroom4_Normal.uexp" 1514
"D:/university work/Little Nightmares 2 UNI PROJECT CLIENT/unreal/Client-brief/Client-brief/ClientBrief1/Content/Food_Props_Kit/Textures/Vegetables/T_Mushroom4_OcclusionRoughnessMetallic.ubulk" 1515
"D:/university work/Little Nightmares 2 UNI PROJECT CLIENT/unreal/Client-brief/Client-brief/ClientBrief1/Content/Food_Props_Kit/Textures/Vegetables/T_Mushroom4_OcclusionRoughnessMetallic.uasset" 1516
"D:/university work/Little Nightmares 2 UNI PROJECT CLIENT/unreal/Client-brief/Client-brief/ClientBrief1/Content/Food_Props_Kit/Textures/Vegetables/T_Mushroom4_OcclusionRoughnessMetallic.uexp" 1517
"D:/university work/Little Nightmares 2 UNI PROJECT CLIENT/unreal/Client-brief/Client-brief/ClientBrief1/Content/Food_Props_Kit/Textures/Vegetables/T_Mushroom4_BaseColor.ubulk" 1518
"D:/university work/Little Nightmares 2 UNI PROJECT CLIENT/unreal/Client-brief/Client-brief/ClientBrief1/Content/Food_Props_Kit/Textures/Vegetables/T_Mushroom4_BaseColor.uasset" 1519
"D:/university work/Little Nightmares 2 UNI PROJECT CLIENT/unreal/Client-brief/Client-brief/ClientBrief1/Content/Food_Props_Kit/Textures/Vegetables/T_Mushroom4_BaseColor.uexp" 1520
"D:/university work/Little Nightmares 2 UNI PROJECT CLIENT/unreal/Client-brief/Client-brief/ClientBrief1/Content/Food_Props_Kit/Materials/Material_Instances/Vegetables/MI_Mushroom4.uasset" 1521
"D:/university work/Little Nightmares 2 UNI PROJECT CLIENT/unreal/Client-brief/Client-brief/ClientBrief1/Content/Food_Props_Kit/Materials/Material_Instances/Vegetables/MI_Mushroom4.uexp" 1522
"D:/university work/Little Nightmares 2 UNI PROJECT CLIENT/unreal/Client-brief/Client-brief/ClientBrief1/Content/Food_Props_Kit/Meshes/SM_Mushroom4.ubulk" 1523
"D:/university work/Little Nightmares 2 UNI PROJECT CLIENT/unreal/Client-brief/Client-brief/ClientBrief1/Content/Food_Props_Kit/Meshes/SM_Mushroom4.uasset" 1524
"D:/university work/Little Nightmares 2 UNI PROJECT CLIENT/unreal/Client-brief/Client-brief/ClientBrief1/Content/Food_Props_Kit/Meshes/SM_Mushroom4.uexp" 1525
"D:/university work/Little Nightmares 2 UNI PROJECT CLIENT/unreal/Client-brief/Client-brief/ClientBrief1/Content/MDMedieval/Meshes/MDMedieval_Furniture_Chest_Gold_Pile_Random.ubulk" 1526
"D:/university work/Little Nightmares 2 UNI PROJECT CLIENT/unreal/Client-brief/Client-brief/ClientBrief1/Content/MDMedieval/Meshes/MDMedieval_Furniture_Chest_Gold_Pile_Random.uasset" 1527
"D:/university work/Little Nightmares 2 UNI PROJECT CLIENT/unreal/Client-brief/Client-brief/ClientBrief1/Content/MDMedieval/Meshes/MDMedieval_Furniture_Chest_Gold_Pile_Random.uexp" 1528
"D:/university work/Little Nightmares 2 UNI PROJECT CLIENT/unreal/Client-brief/Client-brief/ClientBrief1/Content/ThirdPerson/Blueprints/BP_Vent.uasset" 1529
"D:/university work/Little Nightmares 2 UNI PROJECT CLIENT/unreal/Client-brief/Client-brief/ClientBrief1/Content/ThirdPerson/Blueprints/BP_Vent.uexp" 1530
"D:/university work/Little Nightmares 2 UNI PROJECT CLIENT/unreal/Client-brief/Client-brief/ClientBrief1/Content/MDMedieval/Textures/MDMedieval_Mask_Table.ubulk" 1531
"D:/university work/Little Nightmares 2 UNI PROJECT CLIENT/unreal/Client-brief/Client-brief/ClientBrief1/Content/MDMedieval/Textures/MDMedieval_Mask_Table.uasset" 1532
"D:/university work/Little Nightmares 2 UNI PROJECT CLIENT/unreal/Client-brief/Client-brief/ClientBrief1/Content/MDMedieval/Textures/MDMedieval_Mask_Table.uexp" 1533
"D:/university work/Little Nightmares 2 UNI PROJECT CLIENT/unreal/Client-brief/Client-brief/ClientBrief1/Content/MDMedieval/Materials/MDMedieval_Wood_Table_Mat_Inst.uasset" 1534
"D:/university work/Little Nightmares 2 UNI PROJECT CLIENT/unreal/Client-brief/Client-brief/ClientBrief1/Content/MDMedieval/Materials/MDMedieval_Wood_Table_Mat_Inst.uexp" 1535
"D:/university work/Little Nightmares 2 UNI PROJECT CLIENT/unreal/Client-brief/Client-brief/ClientBrief1/Content/MDMedieval/Materials/MDMedieval_Metal_Table_Mat_Inst.uasset" 1536
"D:/university work/Little Nightmares 2 UNI PROJECT CLIENT/unreal/Client-brief/Client-brief/ClientBrief1/Content/MDMedieval/Materials/MDMedieval_Metal_Table_Mat_Inst.uexp" 1537
"D:/university work/Little Nightmares 2 UNI PROJECT CLIENT/unreal/Client-brief/Client-brief/ClientBrief1/Content/MDMedieval/Meshes/MDMedieval_Furniture_Table.ubulk" 1538
"D:/university work/Little Nightmares 2 UNI PROJECT CLIENT/unreal/Client-brief/Client-brief/ClientBrief1/Content/MDMedieval/Meshes/MDMedieval_Furniture_Table.uasset" 1539
"D:/university work/Little Nightmares 2 UNI PROJECT CLIENT/unreal/Client-brief/Client-brief/ClientBrief1/Content/MDMedieval/Meshes/MDMedieval_Furniture_Table.uexp" 1540
"D:/university work/Little Nightmares 2 UNI PROJECT CLIENT/unreal/Client-brief/Client-brief/ClientBrief1/Content/UI/collect/WBP_Collect.uasset" 1541
"D:/university work/Little Nightmares 2 UNI PROJECT CLIENT/unreal/Client-brief/Client-brief/ClientBrief1/Content/UI/collect/WBP_Collect.uexp" 1542
"D:/university work/Little Nightmares 2 UNI PROJECT CLIENT/unreal/Client-brief/Client-brief/ClientBrief1/Content/ThirdPerson/Blueprints/BP_PotionIngredients.uasset" 1543
"D:/university work/Little Nightmares 2 UNI PROJECT CLIENT/unreal/Client-brief/Client-brief/ClientBrief1/Content/ThirdPerson/Blueprints/BP_PotionIngredients.uexp" 1544
"D:/university work/Little Nightmares 2 UNI PROJECT CLIENT/unreal/Client-brief/Client-brief/ClientBrief1/Content/Food_Props_Kit/Textures/Vegetables/T_Pumpkin2_OcclusionRoughnessMetallic.ubulk" 1545
"D:/university work/Little Nightmares 2 UNI PROJECT CLIENT/unreal/Client-brief/Client-brief/ClientBrief1/Content/Food_Props_Kit/Textures/Vegetables/T_Pumpkin2_OcclusionRoughnessMetallic.uasset" 1546
"D:/university work/Little Nightmares 2 UNI PROJECT CLIENT/unreal/Client-brief/Client-brief/ClientBrief1/Content/Food_Props_Kit/Textures/Vegetables/T_Pumpkin2_OcclusionRoughnessMetallic.uexp" 1547
"D:/university work/Little Nightmares 2 UNI PROJECT CLIENT/unreal/Client-brief/Client-brief/ClientBrief1/Content/Food_Props_Kit/Textures/Vegetables/T_Pumpkin2_Normal.ubulk" 1548
"D:/university work/Little Nightmares 2 UNI PROJECT CLIENT/unreal/Client-brief/Client-brief/ClientBrief1/Content/Food_Props_Kit/Textures/Vegetables/T_Pumpkin2_Normal.uasset" 1549
"D:/university work/Little Nightmares 2 UNI PROJECT CLIENT/unreal/Client-brief/Client-brief/ClientBrief1/Content/Food_Props_Kit/Textures/Vegetables/T_Pumpkin2_Normal.uexp" 1550
"D:/university work/Little Nightmares 2 UNI PROJECT CLIENT/unreal/Client-brief/Client-brief/ClientBrief1/Content/Food_Props_Kit/Textures/Vegetables/T_Pumpkin2_BaseColor.ubulk" 1551
"D:/university work/Little Nightmares 2 UNI PROJECT CLIENT/unreal/Client-brief/Client-brief/ClientBrief1/Content/Food_Props_Kit/Textures/Vegetables/T_Pumpkin2_BaseColor.uasset" 1552
"D:/university work/Little Nightmares 2 UNI PROJECT CLIENT/unreal/Client-brief/Client-brief/ClientBrief1/Content/Food_Props_Kit/Textures/Vegetables/T_Pumpkin2_BaseColor.uexp" 1553
"D:/university work/Little Nightmares 2 UNI PROJECT CLIENT/unreal/Client-brief/Client-brief/ClientBrief1/Content/Food_Props_Kit/Materials/Material_Instances/Vegetables/MI_Pumpkin2.uasset" 1554
"D:/university work/Little Nightmares 2 UNI PROJECT CLIENT/unreal/Client-brief/Client-brief/ClientBrief1/Content/Food_Props_Kit/Materials/Material_Instances/Vegetables/MI_Pumpkin2.uexp" 1555
"D:/university work/Little Nightmares 2 UNI PROJECT CLIENT/unreal/Client-brief/Client-brief/ClientBrief1/Content/Food_Props_Kit/Meshes/SM_Pumpkin2.ubulk" 1556
"D:/university work/Little Nightmares 2 UNI PROJECT CLIENT/unreal/Client-brief/Client-brief/ClientBrief1/Content/Food_Props_Kit/Meshes/SM_Pumpkin2.uasset" 1557
"D:/university work/Little Nightmares 2 UNI PROJECT CLIENT/unreal/Client-brief/Client-brief/ClientBrief1/Content/Food_Props_Kit/Meshes/SM_Pumpkin2.uexp" 1558
"D:/university work/Little Nightmares 2 UNI PROJECT CLIENT/unreal/Client-brief/Client-brief/ClientBrief1/Content/MDMedieval/Textures/MDMedieval_Mask_Keys.ubulk" 1559
"D:/university work/Little Nightmares 2 UNI PROJECT CLIENT/unreal/Client-brief/Client-brief/ClientBrief1/Content/MDMedieval/Textures/MDMedieval_Mask_Keys.uasset" 1560
"D:/university work/Little Nightmares 2 UNI PROJECT CLIENT/unreal/Client-brief/Client-brief/ClientBrief1/Content/MDMedieval/Textures/MDMedieval_Mask_Keys.uexp" 1561
"D:/university work/Little Nightmares 2 UNI PROJECT CLIENT/unreal/Client-brief/Client-brief/ClientBrief1/Content/MDMedieval/Materials/MDMedieval_Metal_Keys_Mat_Inst.uasset" 1562
"D:/university work/Little Nightmares 2 UNI PROJECT CLIENT/unreal/Client-brief/Client-brief/ClientBrief1/Content/MDMedieval/Materials/MDMedieval_Metal_Keys_Mat_Inst.uexp" 1563
"D:/university work/Little Nightmares 2 UNI PROJECT CLIENT/unreal/Client-brief/Client-brief/ClientBrief1/Content/MDMedieval/Meshes/MDMedieval_Furniture_Key.ubulk" 1564
"D:/university work/Little Nightmares 2 UNI PROJECT CLIENT/unreal/Client-brief/Client-brief/ClientBrief1/Content/MDMedieval/Meshes/MDMedieval_Furniture_Key.uasset" 1565
"D:/university work/Little Nightmares 2 UNI PROJECT CLIENT/unreal/Client-brief/Client-brief/ClientBrief1/Content/MDMedieval/Meshes/MDMedieval_Furniture_Key.uexp" 1566
"D:/university work/Little Nightmares 2 UNI PROJECT CLIENT/unreal/Client-brief/Client-brief/ClientBrief1/Content/Textures/WitchDress_initialShadingGroup_Normal.ubulk" 1567
"D:/university work/Little Nightmares 2 UNI PROJECT CLIENT/unreal/Client-brief/Client-brief/ClientBrief1/Content/Textures/WitchDress_initialShadingGroup_Normal.uasset" 1568
"D:/university work/Little Nightmares 2 UNI PROJECT CLIENT/unreal/Client-brief/Client-brief/ClientBrief1/Content/Textures/WitchDress_initialShadingGroup_Normal.uexp" 1569
"D:/university work/Little Nightmares 2 UNI PROJECT CLIENT/unreal/Client-brief/Client-brief/ClientBrief1/Content/Textures/WitchDress_initialShadingGroup_BaseColor.ubulk" 1570
"D:/university work/Little Nightmares 2 UNI PROJECT CLIENT/unreal/Client-brief/Client-brief/ClientBrief1/Content/Textures/WitchDress_initialShadingGroup_BaseColor.uasset" 1571
"D:/university work/Little Nightmares 2 UNI PROJECT CLIENT/unreal/Client-brief/Client-brief/ClientBrief1/Content/Textures/WitchDress_initialShadingGroup_BaseColor.uexp" 1572
"D:/university work/Little Nightmares 2 UNI PROJECT CLIENT/unreal/Client-brief/Client-brief/ClientBrief1/Content/Textures/WitchDress_initialShadingGroup_OcclusionRoughnessMetallic.ubulk" 1573
"D:/university work/Little Nightmares 2 UNI PROJECT CLIENT/unreal/Client-brief/Client-brief/ClientBrief1/Content/Textures/WitchDress_initialShadingGroup_OcclusionRoughnessMetallic.uasset" 1574
"D:/university work/Little Nightmares 2 UNI PROJECT CLIENT/unreal/Client-brief/Client-brief/ClientBrief1/Content/Textures/WitchDress_initialShadingGroup_OcclusionRoughnessMetallic.uexp" 1575
"D:/university work/Little Nightmares 2 UNI PROJECT CLIENT/unreal/Client-brief/Client-brief/ClientBrief1/Content/Textures/MAT_Dress.uasset" 1576
"D:/university work/Little Nightmares 2 UNI PROJECT CLIENT/unreal/Client-brief/Client-brief/ClientBrief1/Content/Textures/MAT_Dress.uexp" 1577
"D:/university work/Little Nightmares 2 UNI PROJECT CLIENT/unreal/Client-brief/Client-brief/ClientBrief1/Content/Animations/Witch__1__Skeleton.uasset" 1578
"D:/university work/Little Nightmares 2 UNI PROJECT CLIENT/unreal/Client-brief/Client-brief/ClientBrief1/Content/Animations/Witch__1__Skeleton.uexp" 1579
"D:/university work/Little Nightmares 2 UNI PROJECT CLIENT/unreal/Client-brief/Client-brief/ClientBrief1/Content/Animations/Witch_Grab__1_.uasset" 1580
"D:/university work/Little Nightmares 2 UNI PROJECT CLIENT/unreal/Client-brief/Client-brief/ClientBrief1/Content/Animations/Witch_Grab__1_.uexp" 1581
"D:/university work/Little Nightmares 2 UNI PROJECT CLIENT/unreal/Client-brief/Client-brief/ClientBrief1/Content/Animations/Witch_Walk__1_.uasset" 1582
"D:/university work/Little Nightmares 2 UNI PROJECT CLIENT/unreal/Client-brief/Client-brief/ClientBrief1/Content/Animations/Witch_Walk__1_.uexp" 1583
"D:/university work/Little Nightmares 2 UNI PROJECT CLIENT/unreal/Client-brief/Client-brief/ClientBrief1/Content/Animations/AB_Witch.uasset" 1584
"D:/university work/Little Nightmares 2 UNI PROJECT CLIENT/unreal/Client-brief/Client-brief/ClientBrief1/Content/Animations/AB_Witch.uexp" 1585
"D:/university work/Little Nightmares 2 UNI PROJECT CLIENT/unreal/Client-brief/Client-brief/ClientBrief1/Content/Textures/WitchBody_CharacterFemale_standardSurface2SG_OcclusionRoughnessMetallic.ubulk" 1586
"D:/university work/Little Nightmares 2 UNI PROJECT CLIENT/unreal/Client-brief/Client-brief/ClientBrief1/Content/Textures/WitchBody_CharacterFemale_standardSurface2SG_OcclusionRoughnessMetallic.uasset" 1587
"D:/university work/Little Nightmares 2 UNI PROJECT CLIENT/unreal/Client-brief/Client-brief/ClientBrief1/Content/Textures/WitchBody_CharacterFemale_standardSurface2SG_OcclusionRoughnessMetallic.uexp" 1588
"D:/university work/Little Nightmares 2 UNI PROJECT CLIENT/unreal/Client-brief/Client-brief/ClientBrief1/Content/Textures/WitchBody_CharacterFemale_standardSurface2SG_Normal.ubulk" 1589
"D:/university work/Little Nightmares 2 UNI PROJECT CLIENT/unreal/Client-brief/Client-brief/ClientBrief1/Content/Textures/WitchBody_CharacterFemale_standardSurface2SG_Normal.uasset" 1590
"D:/university work/Little Nightmares 2 UNI PROJECT CLIENT/unreal/Client-brief/Client-brief/ClientBrief1/Content/Textures/WitchBody_CharacterFemale_standardSurface2SG_Normal.uexp" 1591
"D:/university work/Little Nightmares 2 UNI PROJECT CLIENT/unreal/Client-brief/Client-brief/ClientBrief1/Content/Textures/WitchBody_CharacterFemale_standardSurface2SG_BaseColor.ubulk" 1592
"D:/university work/Little Nightmares 2 UNI PROJECT CLIENT/unreal/Client-brief/Client-brief/ClientBrief1/Content/Textures/WitchBody_CharacterFemale_standardSurface2SG_BaseColor.uasset" 1593
"D:/university work/Little Nightmares 2 UNI PROJECT CLIENT/unreal/Client-brief/Client-brief/ClientBrief1/Content/Textures/WitchBody_CharacterFemale_standardSurface2SG_BaseColor.uexp" 1594
"D:/university work/Little Nightmares 2 UNI PROJECT CLIENT/unreal/Client-brief/Client-brief/ClientBrief1/Content/Textures/MAT_Body.uasset" 1595
"D:/university work/Little Nightmares 2 UNI PROJECT CLIENT/unreal/Client-brief/Client-brief/ClientBrief1/Content/Textures/MAT_Body.uexp" 1596
"D:/university work/Little Nightmares 2 UNI PROJECT CLIENT/unreal/Client-brief/Client-brief/ClientBrief1/Content/Animations/Witch_1__lambert1SG_BaseColor.ubulk" 1597
"D:/university work/Little Nightmares 2 UNI PROJECT CLIENT/unreal/Client-brief/Client-brief/ClientBrief1/Content/Animations/Witch_1__lambert1SG_BaseColor.uasset" 1598
"D:/university work/Little Nightmares 2 UNI PROJECT CLIENT/unreal/Client-brief/Client-brief/ClientBrief1/Content/Animations/Witch_1__lambert1SG_BaseColor.uexp" 1599
"D:/university work/Little Nightmares 2 UNI PROJECT CLIENT/unreal/Client-brief/Client-brief/ClientBrief1/Content/Animations/Witch_1__CharacterFemale_standardSurface2SG_BaseColor.ubulk" 1600
"D:/university work/Little Nightmares 2 UNI PROJECT CLIENT/unreal/Client-brief/Client-brief/ClientBrief1/Content/Animations/Witch_1__CharacterFemale_standardSurface2SG_BaseColor.uasset" 1601
"D:/university work/Little Nightmares 2 UNI PROJECT CLIENT/unreal/Client-brief/Client-brief/ClientBrief1/Content/Animations/Witch_1__CharacterFemale_standardSurface2SG_BaseColor.uexp" 1602
"D:/university work/Little Nightmares 2 UNI PROJECT CLIENT/unreal/Client-brief/Client-brief/ClientBrief1/Content/Animations/MAT_Witch2.uasset" 1603
"D:/university work/Little Nightmares 2 UNI PROJECT CLIENT/unreal/Client-brief/Client-brief/ClientBrief1/Content/Animations/MAT_Witch2.uexp" 1604
"D:/university work/Little Nightmares 2 UNI PROJECT CLIENT/unreal/Client-brief/Client-brief/ClientBrief1/Content/Animations/Witch__1__PhysicsAsset.uasset" 1605
"D:/university work/Little Nightmares 2 UNI PROJECT CLIENT/unreal/Client-brief/Client-brief/ClientBrief1/Content/Animations/Witch__1__PhysicsAsset.uexp" 1606
"D:/university work/Little Nightmares 2 UNI PROJECT CLIENT/unreal/Client-brief/Client-brief/ClientBrief1/Content/Animations/Witch_1__initialShadingGroup_BaseColor.ubulk" 1607
"D:/university work/Little Nightmares 2 UNI PROJECT CLIENT/unreal/Client-brief/Client-brief/ClientBrief1/Content/Animations/Witch_1__initialShadingGroup_BaseColor.uasset" 1608
"D:/university work/Little Nightmares 2 UNI PROJECT CLIENT/unreal/Client-brief/Client-brief/ClientBrief1/Content/Animations/Witch_1__initialShadingGroup_BaseColor.uexp" 1609
"D:/university work/Little Nightmares 2 UNI PROJECT CLIENT/unreal/Client-brief/Client-brief/ClientBrief1/Content/Animations/MAT_witch.uasset" 1610
"D:/university work/Little Nightmares 2 UNI PROJECT CLIENT/unreal/Client-brief/Client-brief/ClientBrief1/Content/Animations/MAT_witch.uexp" 1611
"D:/university work/Little Nightmares 2 UNI PROJECT CLIENT/unreal/Client-brief/Client-brief/ClientBrief1/Content/Animations/Witch__1_.uasset" 1612
"D:/university work/Little Nightmares 2 UNI PROJECT CLIENT/unreal/Client-brief/Client-brief/ClientBrief1/Content/Animations/Witch__1_.uexp" 1613
"D:/university work/Little Nightmares 2 UNI PROJECT CLIENT/unreal/Client-brief/Client-brief/ClientBrief1/Content/Textures/WitchShirt_lambert1SG_Normal.ubulk" 1614
"D:/university work/Little Nightmares 2 UNI PROJECT CLIENT/unreal/Client-brief/Client-brief/ClientBrief1/Content/Textures/WitchShirt_lambert1SG_Normal.uasset" 1615
"D:/university work/Little Nightmares 2 UNI PROJECT CLIENT/unreal/Client-brief/Client-brief/ClientBrief1/Content/Textures/WitchShirt_lambert1SG_Normal.uexp" 1616
"D:/university work/Little Nightmares 2 UNI PROJECT CLIENT/unreal/Client-brief/Client-brief/ClientBrief1/Content/Textures/WitchShirt_lambert1SG_OcclusionRoughnessMetallic.ubulk" 1617
"D:/university work/Little Nightmares 2 UNI PROJECT CLIENT/unreal/Client-brief/Client-brief/ClientBrief1/Content/Textures/WitchShirt_lambert1SG_OcclusionRoughnessMetallic.uasset" 1618
"D:/university work/Little Nightmares 2 UNI PROJECT CLIENT/unreal/Client-brief/Client-brief/ClientBrief1/Content/Textures/WitchShirt_lambert1SG_OcclusionRoughnessMetallic.uexp" 1619
"D:/university work/Little Nightmares 2 UNI PROJECT CLIENT/unreal/Client-brief/Client-brief/ClientBrief1/Content/Textures/WitchShirt_lambert1SG_BaseColor.ubulk" 1620
"D:/university work/Little Nightmares 2 UNI PROJECT CLIENT/unreal/Client-brief/Client-brief/ClientBrief1/Content/Textures/WitchShirt_lambert1SG_BaseColor.uasset" 1621
"D:/university work/Little Nightmares 2 UNI PROJECT CLIENT/unreal/Client-brief/Client-brief/ClientBrief1/Content/Textures/WitchShirt_lambert1SG_BaseColor.uexp" 1622
"D:/university work/Little Nightmares 2 UNI PROJECT CLIENT/unreal/Client-brief/Client-brief/ClientBrief1/Content/Textures/MAT_Shirt.uasset" 1623
"D:/university work/Little Nightmares 2 UNI PROJECT CLIENT/unreal/Client-brief/Client-brief/ClientBrief1/Content/Textures/MAT_Shirt.uexp" 1624
"D:/university work/Little Nightmares 2 UNI PROJECT CLIENT/unreal/Client-brief/Client-brief/ClientBrief1/Content/AI/BTT_MoveToTarget.uasset" 1625
"D:/university work/Little Nightmares 2 UNI PROJECT CLIENT/unreal/Client-brief/Client-brief/ClientBrief1/Content/AI/BTT_MoveToTarget.uexp" 1626
"D:/university work/Little Nightmares 2 UNI PROJECT CLIENT/unreal/Client-brief/Client-brief/ClientBrief1/Content/AI/BTT_MoveToRandomLocation.uasset" 1627
"D:/university work/Little Nightmares 2 UNI PROJECT CLIENT/unreal/Client-brief/Client-brief/ClientBrief1/Content/AI/BTT_MoveToRandomLocation.uexp" 1628
"D:/university work/Little Nightmares 2 UNI PROJECT CLIENT/unreal/Client-brief/Client-brief/ClientBrief1/Content/AI/BB_Witch.uasset" 1629
"D:/university work/Little Nightmares 2 UNI PROJECT CLIENT/unreal/Client-brief/Client-brief/ClientBrief1/Content/AI/BB_Witch.uexp" 1630
"D:/university work/Little Nightmares 2 UNI PROJECT CLIENT/unreal/Client-brief/Client-brief/ClientBrief1/Content/AI/BT_Witch.uasset" 1631
"D:/university work/Little Nightmares 2 UNI PROJECT CLIENT/unreal/Client-brief/Client-brief/ClientBrief1/Content/AI/BT_Witch.uexp" 1632
"D:/university work/Little Nightmares 2 UNI PROJECT CLIENT/unreal/Client-brief/Client-brief/ClientBrief1/Content/AI/AIC_Witch.uasset" 1633
"D:/university work/Little Nightmares 2 UNI PROJECT CLIENT/unreal/Client-brief/Client-brief/ClientBrief1/Content/AI/AIC_Witch.uexp" 1634
"D:/university work/Little Nightmares 2 UNI PROJECT CLIENT/unreal/Client-brief/Client-brief/ClientBrief1/Content/AI/BP_Witch.uasset" 1635
"D:/university work/Little Nightmares 2 UNI PROJECT CLIENT/unreal/Client-brief/Client-brief/ClientBrief1/Content/AI/BP_Witch.uexp" 1636
"D:/university work/Little Nightmares 2 UNI PROJECT CLIENT/unreal/Client-brief/Client-brief/ClientBrief1/Content/3DModels/tomato__1_.ubulk" 1637
"D:/university work/Little Nightmares 2 UNI PROJECT CLIENT/unreal/Client-brief/Client-brief/ClientBrief1/Content/3DModels/tomato__1_.uasset" 1638
"D:/university work/Little Nightmares 2 UNI PROJECT CLIENT/unreal/Client-brief/Client-brief/ClientBrief1/Content/3DModels/tomato__1_.uexp" 1639
"D:/university work/Little Nightmares 2 UNI PROJECT CLIENT/unreal/Client-brief/Client-brief/ClientBrief1/Content/3DModels/M_Tomato.uasset" 1640
"D:/university work/Little Nightmares 2 UNI PROJECT CLIENT/unreal/Client-brief/Client-brief/ClientBrief1/Content/3DModels/M_Tomato.uexp" 1641
"D:/university work/Little Nightmares 2 UNI PROJECT CLIENT/unreal/Client-brief/Client-brief/ClientBrief1/Content/3DModels/Vegetables/tomato.ubulk" 1642
"D:/university work/Little Nightmares 2 UNI PROJECT CLIENT/unreal/Client-brief/Client-brief/ClientBrief1/Content/3DModels/Vegetables/tomato.uasset" 1643
"D:/university work/Little Nightmares 2 UNI PROJECT CLIENT/unreal/Client-brief/Client-brief/ClientBrief1/Content/3DModels/Vegetables/tomato.uexp" 1644
"D:/university work/Little Nightmares 2 UNI PROJECT CLIENT/unreal/Client-brief/Client-brief/ClientBrief1/Content/MDMedieval/Meshes/MDMedieval_Furniture_Chest_Lid.ubulk" 1645
"D:/university work/Little Nightmares 2 UNI PROJECT CLIENT/unreal/Client-brief/Client-brief/ClientBrief1/Content/MDMedieval/Meshes/MDMedieval_Furniture_Chest_Lid.uasset" 1646
"D:/university work/Little Nightmares 2 UNI PROJECT CLIENT/unreal/Client-brief/Client-brief/ClientBrief1/Content/MDMedieval/Meshes/MDMedieval_Furniture_Chest_Lid.uexp" 1647
"D:/university work/Little Nightmares 2 UNI PROJECT CLIENT/unreal/Client-brief/Client-brief/ClientBrief1/Content/MDMedieval/Textures/MDMedieval_Mask_BigBarrel.ubulk" 1648
"D:/university work/Little Nightmares 2 UNI PROJECT CLIENT/unreal/Client-brief/Client-brief/ClientBrief1/Content/MDMedieval/Textures/MDMedieval_Mask_BigBarrel.uasset" 1649
"D:/university work/Little Nightmares 2 UNI PROJECT CLIENT/unreal/Client-brief/Client-brief/ClientBrief1/Content/MDMedieval/Textures/MDMedieval_Mask_BigBarrel.uexp" 1650
"D:/university work/Little Nightmares 2 UNI PROJECT CLIENT/unreal/Client-brief/Client-brief/ClientBrief1/Content/MDMedieval/Materials/MDMedieval_Metal_Barel_Big_Mat_Inst.uasset" 1651
"D:/university work/Little Nightmares 2 UNI PROJECT CLIENT/unreal/Client-brief/Client-brief/ClientBrief1/Content/MDMedieval/Materials/MDMedieval_Metal_Barel_Big_Mat_Inst.uexp" 1652
"D:/university work/Little Nightmares 2 UNI PROJECT CLIENT/unreal/Client-brief/Client-brief/ClientBrief1/Content/MDMedieval/Materials/MDMedieval_Wood_Barrel_Big_Mat_Inst.uasset" 1653
"D:/university work/Little Nightmares 2 UNI PROJECT CLIENT/unreal/Client-brief/Client-brief/ClientBrief1/Content/MDMedieval/Materials/MDMedieval_Wood_Barrel_Big_Mat_Inst.uexp" 1654
"D:/university work/Little Nightmares 2 UNI PROJECT CLIENT/unreal/Client-brief/Client-brief/ClientBrief1/Content/MDMedieval/Meshes/MDMedieval_Furniture_Barrel.ubulk" 1655
"D:/university work/Little Nightmares 2 UNI PROJECT CLIENT/unreal/Client-brief/Client-brief/ClientBrief1/Content/MDMedieval/Meshes/MDMedieval_Furniture_Barrel.uasset" 1656
"D:/university work/Little Nightmares 2 UNI PROJECT CLIENT/unreal/Client-brief/Client-brief/ClientBrief1/Content/MDMedieval/Meshes/MDMedieval_Furniture_Barrel.uexp" 1657
"D:/university work/Little Nightmares 2 UNI PROJECT CLIENT/unreal/Client-brief/Client-brief/ClientBrief1/Content/CUTSCENE/Crafting_showcase.uasset" 1658
"D:/university work/Little Nightmares 2 UNI PROJECT CLIENT/unreal/Client-brief/Client-brief/ClientBrief1/Content/CUTSCENE/Crafting_showcase.uexp" 1659
"D:/university work/Little Nightmares 2 UNI PROJECT CLIENT/unreal/Client-brief/Client-brief/ClientBrief1/Content/UI/Recipe/recipe_page_2.uasset" 1660
"D:/university work/Little Nightmares 2 UNI PROJECT CLIENT/unreal/Client-brief/Client-brief/ClientBrief1/Content/UI/Recipe/recipe_page_2.uexp" 1661
"D:/university work/Little Nightmares 2 UNI PROJECT CLIENT/unreal/Client-brief/Client-brief/ClientBrief1/Content/UI/Recipe/WBP_Recipe.uasset" 1662
"D:/university work/Little Nightmares 2 UNI PROJECT CLIENT/unreal/Client-brief/Client-brief/ClientBrief1/Content/UI/Recipe/WBP_Recipe.uexp" 1663
"D:/university work/Little Nightmares 2 UNI PROJECT CLIENT/unreal/Client-brief/Client-brief/ClientBrief1/Content/UI/open/WBP_Open.uasset" 1664
"D:/university work/Little Nightmares 2 UNI PROJECT CLIENT/unreal/Client-brief/Client-brief/ClientBrief1/Content/UI/open/WBP_Open.uexp" 1665
"D:/university work/Little Nightmares 2 UNI PROJECT CLIENT/unreal/Client-brief/Client-brief/ClientBrief1/Content/Fab/Viking_book/viking_book_texture_4.ubulk" 1666
"D:/university work/Little Nightmares 2 UNI PROJECT CLIENT/unreal/Client-brief/Client-brief/ClientBrief1/Content/Fab/Viking_book/viking_book_texture_4.uasset" 1667
"D:/university work/Little Nightmares 2 UNI PROJECT CLIENT/unreal/Client-brief/Client-brief/ClientBrief1/Content/Fab/Viking_book/viking_book_texture_4.uexp" 1668
"D:/university work/Little Nightmares 2 UNI PROJECT CLIENT/unreal/Client-brief/Client-brief/ClientBrief1/Content/Fab/Viking_book/viking_book_texture_5.ubulk" 1669
"D:/university work/Little Nightmares 2 UNI PROJECT CLIENT/unreal/Client-brief/Client-brief/ClientBrief1/Content/Fab/Viking_book/viking_book_texture_5.uasset" 1670
"D:/university work/Little Nightmares 2 UNI PROJECT CLIENT/unreal/Client-brief/Client-brief/ClientBrief1/Content/Fab/Viking_book/viking_book_texture_5.uexp" 1671
"D:/university work/Little Nightmares 2 UNI PROJECT CLIENT/unreal/Client-brief/Client-brief/ClientBrief1/Content/Fab/Viking_book/lambert5SG.uasset" 1672
"D:/university work/Little Nightmares 2 UNI PROJECT CLIENT/unreal/Client-brief/Client-brief/ClientBrief1/Content/Fab/Viking_book/lambert5SG.uexp" 1673
"D:/university work/Little Nightmares 2 UNI PROJECT CLIENT/unreal/Client-brief/Client-brief/ClientBrief1/Content/Fab/Viking_book/viking_book_texture_0.ubulk" 1674
"D:/university work/Little Nightmares 2 UNI PROJECT CLIENT/unreal/Client-brief/Client-brief/ClientBrief1/Content/Fab/Viking_book/viking_book_texture_0.uasset" 1675
"D:/university work/Little Nightmares 2 UNI PROJECT CLIENT/unreal/Client-brief/Client-brief/ClientBrief1/Content/Fab/Viking_book/viking_book_texture_0.uexp" 1676
"D:/university work/Little Nightmares 2 UNI PROJECT CLIENT/unreal/Client-brief/Client-brief/ClientBrief1/Content/Fab/Viking_book/viking_book_texture_1.ubulk" 1677
"D:/university work/Little Nightmares 2 UNI PROJECT CLIENT/unreal/Client-brief/Client-brief/ClientBrief1/Content/Fab/Viking_book/viking_book_texture_1.uasset" 1678
"D:/university work/Little Nightmares 2 UNI PROJECT CLIENT/unreal/Client-brief/Client-brief/ClientBrief1/Content/Fab/Viking_book/viking_book_texture_1.uexp" 1679
"D:/university work/Little Nightmares 2 UNI PROJECT CLIENT/unreal/Client-brief/Client-brief/ClientBrief1/Content/Fab/Viking_book/viking_book_texture_2.ubulk" 1680
"D:/university work/Little Nightmares 2 UNI PROJECT CLIENT/unreal/Client-brief/Client-brief/ClientBrief1/Content/Fab/Viking_book/viking_book_texture_2.uasset" 1681
"D:/university work/Little Nightmares 2 UNI PROJECT CLIENT/unreal/Client-brief/Client-brief/ClientBrief1/Content/Fab/Viking_book/viking_book_texture_2.uexp" 1682
"D:/university work/Little Nightmares 2 UNI PROJECT CLIENT/unreal/Client-brief/Client-brief/ClientBrief1/Content/Fab/Viking_book/viking_book_texture_3.ubulk" 1683
"D:/university work/Little Nightmares 2 UNI PROJECT CLIENT/unreal/Client-brief/Client-brief/ClientBrief1/Content/Fab/Viking_book/viking_book_texture_3.uasset" 1684
"D:/university work/Little Nightmares 2 UNI PROJECT CLIENT/unreal/Client-brief/Client-brief/ClientBrief1/Content/Fab/Viking_book/viking_book_texture_3.uexp" 1685
"D:/university work/Little Nightmares 2 UNI PROJECT CLIENT/unreal/Client-brief/Client-brief/ClientBrief1/Content/Fab/Viking_book/MeshSG.uasset" 1686
"D:/university work/Little Nightmares 2 UNI PROJECT CLIENT/unreal/Client-brief/Client-brief/ClientBrief1/Content/Fab/Viking_book/MeshSG.uexp" 1687
"D:/university work/Little Nightmares 2 UNI PROJECT CLIENT/unreal/Client-brief/Client-brief/ClientBrief1/Content/Fab/Viking_book/viking_book.ubulk" 1688
"D:/university work/Little Nightmares 2 UNI PROJECT CLIENT/unreal/Client-brief/Client-brief/ClientBrief1/Content/Fab/Viking_book/viking_book.uasset" 1689
"D:/university work/Little Nightmares 2 UNI PROJECT CLIENT/unreal/Client-brief/Client-brief/ClientBrief1/Content/Fab/Viking_book/viking_book.uexp" 1690
"D:/university work/Little Nightmares 2 UNI PROJECT CLIENT/unreal/Client-brief/Client-brief/ClientBrief1/Content/UI/Recipe/BP_Recipe.uasset" 1691
"D:/university work/Little Nightmares 2 UNI PROJECT CLIENT/unreal/Client-brief/Client-brief/ClientBrief1/Content/UI/Recipe/BP_Recipe.uexp" 1692
"D:/university work/Little Nightmares 2 UNI PROJECT CLIENT/unreal/Client-brief/Client-brief/ClientBrief1/Content/Food_Props_Kit/Textures/Processed/T_Bread3_BaseColor.ubulk" 1693
"D:/university work/Little Nightmares 2 UNI PROJECT CLIENT/unreal/Client-brief/Client-brief/ClientBrief1/Content/Food_Props_Kit/Textures/Processed/T_Bread3_BaseColor.uasset" 1694
"D:/university work/Little Nightmares 2 UNI PROJECT CLIENT/unreal/Client-brief/Client-brief/ClientBrief1/Content/Food_Props_Kit/Textures/Processed/T_Bread3_BaseColor.uexp" 1695
"D:/university work/Little Nightmares 2 UNI PROJECT CLIENT/unreal/Client-brief/Client-brief/ClientBrief1/Content/Food_Props_Kit/Textures/Processed/T_Bread3_OcclusionRoughnessMetallic.ubulk" 1696
"D:/university work/Little Nightmares 2 UNI PROJECT CLIENT/unreal/Client-brief/Client-brief/ClientBrief1/Content/Food_Props_Kit/Textures/Processed/T_Bread3_OcclusionRoughnessMetallic.uasset" 1697
"D:/university work/Little Nightmares 2 UNI PROJECT CLIENT/unreal/Client-brief/Client-brief/ClientBrief1/Content/Food_Props_Kit/Textures/Processed/T_Bread3_OcclusionRoughnessMetallic.uexp" 1698
"D:/university work/Little Nightmares 2 UNI PROJECT CLIENT/unreal/Client-brief/Client-brief/ClientBrief1/Content/Food_Props_Kit/Textures/Processed/T_Bread3_Normal.ubulk" 1699
"D:/university work/Little Nightmares 2 UNI PROJECT CLIENT/unreal/Client-brief/Client-brief/ClientBrief1/Content/Food_Props_Kit/Textures/Processed/T_Bread3_Normal.uasset" 1700
"D:/university work/Little Nightmares 2 UNI PROJECT CLIENT/unreal/Client-brief/Client-brief/ClientBrief1/Content/Food_Props_Kit/Textures/Processed/T_Bread3_Normal.uexp" 1701
"D:/university work/Little Nightmares 2 UNI PROJECT CLIENT/unreal/Client-brief/Client-brief/ClientBrief1/Content/Food_Props_Kit/Materials/Material_Instances/Processed/MI_Bread3.uasset" 1702
"D:/university work/Little Nightmares 2 UNI PROJECT CLIENT/unreal/Client-brief/Client-brief/ClientBrief1/Content/Food_Props_Kit/Materials/Material_Instances/Processed/MI_Bread3.uexp" 1703
"D:/university work/Little Nightmares 2 UNI PROJECT CLIENT/unreal/Client-brief/Client-brief/ClientBrief1/Content/Food_Props_Kit/Meshes/SM_Bread3.ubulk" 1704
"D:/university work/Little Nightmares 2 UNI PROJECT CLIENT/unreal/Client-brief/Client-brief/ClientBrief1/Content/Food_Props_Kit/Meshes/SM_Bread3.uasset" 1705
"D:/university work/Little Nightmares 2 UNI PROJECT CLIENT/unreal/Client-brief/Client-brief/ClientBrief1/Content/Food_Props_Kit/Meshes/SM_Bread3.uexp" 1706
"D:/university work/Little Nightmares 2 UNI PROJECT CLIENT/unreal/Client-brief/Client-brief/ClientBrief1/Content/MDMedieval/Textures/MDMedieval_Mask_Walls.ubulk" 1707
"D:/university work/Little Nightmares 2 UNI PROJECT CLIENT/unreal/Client-brief/Client-brief/ClientBrief1/Content/MDMedieval/Textures/MDMedieval_Mask_Walls.uasset" 1708
"D:/university work/Little Nightmares 2 UNI PROJECT CLIENT/unreal/Client-brief/Client-brief/ClientBrief1/Content/MDMedieval/Textures/MDMedieval_Mask_Walls.uexp" 1709
"D:/university work/Little Nightmares 2 UNI PROJECT CLIENT/unreal/Client-brief/Client-brief/ClientBrief1/Content/MDMedieval/Materials/MDMedieval_Wall_Wood_Mat_Inst.uasset" 1710
"D:/university work/Little Nightmares 2 UNI PROJECT CLIENT/unreal/Client-brief/Client-brief/ClientBrief1/Content/MDMedieval/Materials/MDMedieval_Wall_Wood_Mat_Inst.uexp" 1711
"D:/university work/Little Nightmares 2 UNI PROJECT CLIENT/unreal/Client-brief/Client-brief/ClientBrief1/Content/MDMedieval/Materials/MDMedieval_Wall_TopDown_Mat_Inst.uasset" 1712
"D:/university work/Little Nightmares 2 UNI PROJECT CLIENT/unreal/Client-brief/Client-brief/ClientBrief1/Content/MDMedieval/Materials/MDMedieval_Wall_TopDown_Mat_Inst.uexp" 1713
"D:/university work/Little Nightmares 2 UNI PROJECT CLIENT/unreal/Client-brief/Client-brief/ClientBrief1/Content/MDMedieval/Materials/MDMedieval_Wall_Side_Mat_Inst.uasset" 1714
"D:/university work/Little Nightmares 2 UNI PROJECT CLIENT/unreal/Client-brief/Client-brief/ClientBrief1/Content/MDMedieval/Materials/MDMedieval_Wall_Side_Mat_Inst.uexp" 1715
"D:/university work/Little Nightmares 2 UNI PROJECT CLIENT/unreal/Client-brief/Client-brief/ClientBrief1/Content/MDMedieval/Textures/MDMedieval_Wall_Top_basecolor.ubulk" 1716
"D:/university work/Little Nightmares 2 UNI PROJECT CLIENT/unreal/Client-brief/Client-brief/ClientBrief1/Content/MDMedieval/Textures/MDMedieval_Wall_Top_basecolor.uasset" 1717
"D:/university work/Little Nightmares 2 UNI PROJECT CLIENT/unreal/Client-brief/Client-brief/ClientBrief1/Content/MDMedieval/Textures/MDMedieval_Wall_Top_basecolor.uexp" 1718
"D:/university work/Little Nightmares 2 UNI PROJECT CLIENT/unreal/Client-brief/Client-brief/ClientBrief1/Content/MDMedieval/Textures/MDMedieval_Wall_Top_normal.ubulk" 1719
"D:/university work/Little Nightmares 2 UNI PROJECT CLIENT/unreal/Client-brief/Client-brief/ClientBrief1/Content/MDMedieval/Textures/MDMedieval_Wall_Top_normal.uasset" 1720
"D:/university work/Little Nightmares 2 UNI PROJECT CLIENT/unreal/Client-brief/Client-brief/ClientBrief1/Content/MDMedieval/Textures/MDMedieval_Wall_Top_normal.uexp" 1721
"D:/university work/Little Nightmares 2 UNI PROJECT CLIENT/unreal/Client-brief/Client-brief/ClientBrief1/Content/MDMedieval/Textures/MDMedieval_Wall_Top_RHA.ubulk" 1722
"D:/university work/Little Nightmares 2 UNI PROJECT CLIENT/unreal/Client-brief/Client-brief/ClientBrief1/Content/MDMedieval/Textures/MDMedieval_Wall_Top_RHA.uasset" 1723
"D:/university work/Little Nightmares 2 UNI PROJECT CLIENT/unreal/Client-brief/Client-brief/ClientBrief1/Content/MDMedieval/Textures/MDMedieval_Wall_Top_RHA.uexp" 1724
"D:/university work/Little Nightmares 2 UNI PROJECT CLIENT/unreal/Client-brief/Client-brief/ClientBrief1/Content/MDMedieval/Materials/MDMedieval_Wall_Top_Main_Mat.uasset" 1725
"D:/university work/Little Nightmares 2 UNI PROJECT CLIENT/unreal/Client-brief/Client-brief/ClientBrief1/Content/MDMedieval/Materials/MDMedieval_Wall_Top_Main_Mat.uexp" 1726
"D:/university work/Little Nightmares 2 UNI PROJECT CLIENT/unreal/Client-brief/Client-brief/ClientBrief1/Content/MDMedieval/Materials/MDMedieval_Wall_Top_Mat_Inst.uasset" 1727
"D:/university work/Little Nightmares 2 UNI PROJECT CLIENT/unreal/Client-brief/Client-brief/ClientBrief1/Content/MDMedieval/Materials/MDMedieval_Wall_Top_Mat_Inst.uexp" 1728
"D:/university work/Little Nightmares 2 UNI PROJECT CLIENT/unreal/Client-brief/Client-brief/ClientBrief1/Content/MDMedieval/Meshes/MDMedieval_Wall.ubulk" 1729
"D:/university work/Little Nightmares 2 UNI PROJECT CLIENT/unreal/Client-brief/Client-brief/ClientBrief1/Content/MDMedieval/Meshes/MDMedieval_Wall.uasset" 1730
"D:/university work/Little Nightmares 2 UNI PROJECT CLIENT/unreal/Client-brief/Client-brief/ClientBrief1/Content/MDMedieval/Meshes/MDMedieval_Wall.uexp" 1731
"D:/university work/Little Nightmares 2 UNI PROJECT CLIENT/unreal/Client-brief/Client-brief/ClientBrief1/Content/MDMedieval/Meshes/MDMedieval_Furniture_Box.ubulk" 1732
"D:/university work/Little Nightmares 2 UNI PROJECT CLIENT/unreal/Client-brief/Client-brief/ClientBrief1/Content/MDMedieval/Meshes/MDMedieval_Furniture_Box.uasset" 1733
"D:/university work/Little Nightmares 2 UNI PROJECT CLIENT/unreal/Client-brief/Client-brief/ClientBrief1/Content/MDMedieval/Meshes/MDMedieval_Furniture_Box.uexp" 1734
"D:/university work/Little Nightmares 2 UNI PROJECT CLIENT/unreal/Client-brief/Client-brief/ClientBrief1/Content/CUTSCENE/wrong_way.uasset" 1735
"D:/university work/Little Nightmares 2 UNI PROJECT CLIENT/unreal/Client-brief/Client-brief/ClientBrief1/Content/CUTSCENE/wrong_way.uexp" 1736
"D:/university work/Little Nightmares 2 UNI PROJECT CLIENT/unreal/Client-brief/Client-brief/ClientBrief1/Content/MDMedieval/Meshes/MDMedieval_Furniture_FirePit_Alt.ubulk" 1737
"D:/university work/Little Nightmares 2 UNI PROJECT CLIENT/unreal/Client-brief/Client-brief/ClientBrief1/Content/MDMedieval/Meshes/MDMedieval_Furniture_FirePit_Alt.uasset" 1738
"D:/university work/Little Nightmares 2 UNI PROJECT CLIENT/unreal/Client-brief/Client-brief/ClientBrief1/Content/MDMedieval/Meshes/MDMedieval_Furniture_FirePit_Alt.uexp" 1739
"D:/university work/Little Nightmares 2 UNI PROJECT CLIENT/unreal/Client-brief/Client-brief/ClientBrief1/Content/MDMedieval/Textures/MDMedieval_Mask_PrisonDoorFrame.ubulk" 1740
"D:/university work/Little Nightmares 2 UNI PROJECT CLIENT/unreal/Client-brief/Client-brief/ClientBrief1/Content/MDMedieval/Textures/MDMedieval_Mask_PrisonDoorFrame.uasset" 1741
"D:/university work/Little Nightmares 2 UNI PROJECT CLIENT/unreal/Client-brief/Client-brief/ClientBrief1/Content/MDMedieval/Textures/MDMedieval_Mask_PrisonDoorFrame.uexp" 1742
"D:/university work/Little Nightmares 2 UNI PROJECT CLIENT/unreal/Client-brief/Client-brief/ClientBrief1/Content/MDMedieval/Materials/MDMedieval_Metal_PrisonDoorFrame_Mat_Inst.uasset" 1743
"D:/university work/Little Nightmares 2 UNI PROJECT CLIENT/unreal/Client-brief/Client-brief/ClientBrief1/Content/MDMedieval/Materials/MDMedieval_Metal_PrisonDoorFrame_Mat_Inst.uexp" 1744
"D:/university work/Little Nightmares 2 UNI PROJECT CLIENT/unreal/Client-brief/Client-brief/ClientBrief1/Content/MDMedieval/Meshes/MDMedieval_Prison_Bars_Frame_Door.ubulk" 1745
"D:/university work/Little Nightmares 2 UNI PROJECT CLIENT/unreal/Client-brief/Client-brief/ClientBrief1/Content/MDMedieval/Meshes/MDMedieval_Prison_Bars_Frame_Door.uasset" 1746
"D:/university work/Little Nightmares 2 UNI PROJECT CLIENT/unreal/Client-brief/Client-brief/ClientBrief1/Content/MDMedieval/Meshes/MDMedieval_Prison_Bars_Frame_Door.uexp" 1747
"D:/university work/Little Nightmares 2 UNI PROJECT CLIENT/unreal/Client-brief/Client-brief/ClientBrief1/Content/MDMedieval/Meshes/MDMedieval_WoodenPlatform_Railing_Log.ubulk" 1748
"D:/university work/Little Nightmares 2 UNI PROJECT CLIENT/unreal/Client-brief/Client-brief/ClientBrief1/Content/MDMedieval/Meshes/MDMedieval_WoodenPlatform_Railing_Log.uasset" 1749
"D:/university work/Little Nightmares 2 UNI PROJECT CLIENT/unreal/Client-brief/Client-brief/ClientBrief1/Content/MDMedieval/Meshes/MDMedieval_WoodenPlatform_Railing_Log.uexp" 1750
"D:/university work/Little Nightmares 2 UNI PROJECT CLIENT/unreal/Client-brief/Client-brief/ClientBrief1/Content/Music/spok.ubulk" 1751
"D:/university work/Little Nightmares 2 UNI PROJECT CLIENT/unreal/Client-brief/Client-brief/ClientBrief1/Content/Music/spok.uasset" 1752
"D:/university work/Little Nightmares 2 UNI PROJECT CLIENT/unreal/Client-brief/Client-brief/ClientBrief1/Content/Music/spok.uexp" 1753
"D:/university work/Little Nightmares 2 UNI PROJECT CLIENT/unreal/Client-brief/Client-brief/ClientBrief1/Content/Music/spok_Cue.uasset" 1754
"D:/university work/Little Nightmares 2 UNI PROJECT CLIENT/unreal/Client-brief/Client-brief/ClientBrief1/Content/Music/spok_Cue.uexp" 1755
"D:/university work/Little Nightmares 2 UNI PROJECT CLIENT/unreal/Client-brief/Client-brief/ClientBrief1/Content/MDMedieval/Meshes/MDMedieval_Wall_Frame_SingleWall.ubulk" 1756
"D:/university work/Little Nightmares 2 UNI PROJECT CLIENT/unreal/Client-brief/Client-brief/ClientBrief1/Content/MDMedieval/Meshes/MDMedieval_Wall_Frame_SingleWall.uasset" 1757
"D:/university work/Little Nightmares 2 UNI PROJECT CLIENT/unreal/Client-brief/Client-brief/ClientBrief1/Content/MDMedieval/Meshes/MDMedieval_Wall_Frame_SingleWall.uexp" 1758
"D:/university work/Little Nightmares 2 UNI PROJECT CLIENT/unreal/Client-brief/Client-brief/ClientBrief1/Content/3DModels/Vegetables/peper_1.ubulk" 1759
"D:/university work/Little Nightmares 2 UNI PROJECT CLIENT/unreal/Client-brief/Client-brief/ClientBrief1/Content/3DModels/Vegetables/peper_1.uasset" 1760
"D:/university work/Little Nightmares 2 UNI PROJECT CLIENT/unreal/Client-brief/Client-brief/ClientBrief1/Content/3DModels/Vegetables/peper_1.uexp" 1761
"D:/university work/Little Nightmares 2 UNI PROJECT CLIENT/unreal/Client-brief/Client-brief/ClientBrief1/Content/3DModels/Vegetables/M_Peper.uasset" 1762
"D:/university work/Little Nightmares 2 UNI PROJECT CLIENT/unreal/Client-brief/Client-brief/ClientBrief1/Content/3DModels/Vegetables/M_Peper.uexp" 1763
"D:/university work/Little Nightmares 2 UNI PROJECT CLIENT/unreal/Client-brief/Client-brief/ClientBrief1/Content/3DModels/Vegetables/peper.ubulk" 1764
"D:/university work/Little Nightmares 2 UNI PROJECT CLIENT/unreal/Client-brief/Client-brief/ClientBrief1/Content/3DModels/Vegetables/peper.uasset" 1765
"D:/university work/Little Nightmares 2 UNI PROJECT CLIENT/unreal/Client-brief/Client-brief/ClientBrief1/Content/3DModels/Vegetables/peper.uexp" 1766
"D:/university work/Little Nightmares 2 UNI PROJECT CLIENT/unreal/Client-brief/Client-brief/ClientBrief1/Content/MDMedieval/Materials/MDMedieval_Metal_BenchBoxes_Mat_Inst.uasset" 1767
"D:/university work/Little Nightmares 2 UNI PROJECT CLIENT/unreal/Client-brief/Client-brief/ClientBrief1/Content/MDMedieval/Materials/MDMedieval_Metal_BenchBoxes_Mat_Inst.uexp" 1768
"D:/university work/Little Nightmares 2 UNI PROJECT CLIENT/unreal/Client-brief/Client-brief/ClientBrief1/Content/MDMedieval/Meshes/MDMedieval_Furniture_Bench.ubulk" 1769
"D:/university work/Little Nightmares 2 UNI PROJECT CLIENT/unreal/Client-brief/Client-brief/ClientBrief1/Content/MDMedieval/Meshes/MDMedieval_Furniture_Bench.uasset" 1770
"D:/university work/Little Nightmares 2 UNI PROJECT CLIENT/unreal/Client-brief/Client-brief/ClientBrief1/Content/MDMedieval/Meshes/MDMedieval_Furniture_Bench.uexp" 1771
"D:/university work/Little Nightmares 2 UNI PROJECT CLIENT/unreal/Client-brief/Client-brief/ClientBrief1/Content/MDMedieval/Meshes/MDMedieval_WoodenPlatform_Railing.ubulk" 1772
"D:/university work/Little Nightmares 2 UNI PROJECT CLIENT/unreal/Client-brief/Client-brief/ClientBrief1/Content/MDMedieval/Meshes/MDMedieval_WoodenPlatform_Railing.uasset" 1773
"D:/university work/Little Nightmares 2 UNI PROJECT CLIENT/unreal/Client-brief/Client-brief/ClientBrief1/Content/MDMedieval/Meshes/MDMedieval_WoodenPlatform_Railing.uexp" 1774
"D:/university work/Little Nightmares 2 UNI PROJECT CLIENT/unreal/Client-brief/Client-brief/ClientBrief1/Content/MDMedieval/Textures/MDMedieval_Ground_basecolor.ubulk" 1775
"D:/university work/Little Nightmares 2 UNI PROJECT CLIENT/unreal/Client-brief/Client-brief/ClientBrief1/Content/MDMedieval/Textures/MDMedieval_Ground_basecolor.uasset" 1776
"D:/university work/Little Nightmares 2 UNI PROJECT CLIENT/unreal/Client-brief/Client-brief/ClientBrief1/Content/MDMedieval/Textures/MDMedieval_Ground_basecolor.uexp" 1777
"D:/university work/Little Nightmares 2 UNI PROJECT CLIENT/unreal/Client-brief/Client-brief/ClientBrief1/Content/MDMedieval/Textures/MDMedieval_Ground_normal.ubulk" 1778
"D:/university work/Little Nightmares 2 UNI PROJECT CLIENT/unreal/Client-brief/Client-brief/ClientBrief1/Content/MDMedieval/Textures/MDMedieval_Ground_normal.uasset" 1779
"D:/university work/Little Nightmares 2 UNI PROJECT CLIENT/unreal/Client-brief/Client-brief/ClientBrief1/Content/MDMedieval/Textures/MDMedieval_Ground_normal.uexp" 1780
"D:/university work/Little Nightmares 2 UNI PROJECT CLIENT/unreal/Client-brief/Client-brief/ClientBrief1/Content/MDMedieval/Textures/MDMedieval_Ground_RHA.ubulk" 1781
"D:/university work/Little Nightmares 2 UNI PROJECT CLIENT/unreal/Client-brief/Client-brief/ClientBrief1/Content/MDMedieval/Textures/MDMedieval_Ground_RHA.uasset" 1782
"D:/university work/Little Nightmares 2 UNI PROJECT CLIENT/unreal/Client-brief/Client-brief/ClientBrief1/Content/MDMedieval/Textures/MDMedieval_Ground_RHA.uexp" 1783
"D:/university work/Little Nightmares 2 UNI PROJECT CLIENT/unreal/Client-brief/Client-brief/ClientBrief1/Content/MDMedieval/Materials/MDMedieval_Ground_Main_Mat.uasset" 1784
"D:/university work/Little Nightmares 2 UNI PROJECT CLIENT/unreal/Client-brief/Client-brief/ClientBrief1/Content/MDMedieval/Materials/MDMedieval_Ground_Main_Mat.uexp" 1785
"D:/university work/Little Nightmares 2 UNI PROJECT CLIENT/unreal/Client-brief/Client-brief/ClientBrief1/Content/MDMedieval/Materials/MDMedieval_Ground_Mat_Inst.uasset" 1786
"D:/university work/Little Nightmares 2 UNI PROJECT CLIENT/unreal/Client-brief/Client-brief/ClientBrief1/Content/MDMedieval/Materials/MDMedieval_Ground_Mat_Inst.uexp" 1787
"D:/university work/Little Nightmares 2 UNI PROJECT CLIENT/unreal/Client-brief/Client-brief/ClientBrief1/Content/MDMedieval/Textures/MDMedieval_Mask_Floor.ubulk" 1788
"D:/university work/Little Nightmares 2 UNI PROJECT CLIENT/unreal/Client-brief/Client-brief/ClientBrief1/Content/MDMedieval/Textures/MDMedieval_Mask_Floor.uasset" 1789
"D:/university work/Little Nightmares 2 UNI PROJECT CLIENT/unreal/Client-brief/Client-brief/ClientBrief1/Content/MDMedieval/Textures/MDMedieval_Mask_Floor.uexp" 1790
"D:/university work/Little Nightmares 2 UNI PROJECT CLIENT/unreal/Client-brief/Client-brief/ClientBrief1/Content/MDMedieval/Materials/MDMedieval_Wood_Floor_Mat_Inst.uasset" 1791
"D:/university work/Little Nightmares 2 UNI PROJECT CLIENT/unreal/Client-brief/Client-brief/ClientBrief1/Content/MDMedieval/Materials/MDMedieval_Wood_Floor_Mat_Inst.uexp" 1792
"D:/university work/Little Nightmares 2 UNI PROJECT CLIENT/unreal/Client-brief/Client-brief/ClientBrief1/Content/MDMedieval/Meshes/MDMedieval_Floor_Center.ubulk" 1793
"D:/university work/Little Nightmares 2 UNI PROJECT CLIENT/unreal/Client-brief/Client-brief/ClientBrief1/Content/MDMedieval/Meshes/MDMedieval_Floor_Center.uasset" 1794
"D:/university work/Little Nightmares 2 UNI PROJECT CLIENT/unreal/Client-brief/Client-brief/ClientBrief1/Content/MDMedieval/Meshes/MDMedieval_Floor_Center.uexp" 1795
"D:/university work/Little Nightmares 2 UNI PROJECT CLIENT/unreal/Client-brief/Client-brief/ClientBrief1/Content/MDMedieval/Meshes/MDMedieval_Furniture_Chair.ubulk" 1796
"D:/university work/Little Nightmares 2 UNI PROJECT CLIENT/unreal/Client-brief/Client-brief/ClientBrief1/Content/MDMedieval/Meshes/MDMedieval_Furniture_Chair.uasset" 1797
"D:/university work/Little Nightmares 2 UNI PROJECT CLIENT/unreal/Client-brief/Client-brief/ClientBrief1/Content/MDMedieval/Meshes/MDMedieval_Furniture_Chair.uexp" 1798
"D:/university work/Little Nightmares 2 UNI PROJECT CLIENT/unreal/Client-brief/Client-brief/ClientBrief1/Content/Food_Props_Kit/Textures/Vegetables/T_Mushroom2_BaseColor.ubulk" 1799
"D:/university work/Little Nightmares 2 UNI PROJECT CLIENT/unreal/Client-brief/Client-brief/ClientBrief1/Content/Food_Props_Kit/Textures/Vegetables/T_Mushroom2_BaseColor.uasset" 1800
"D:/university work/Little Nightmares 2 UNI PROJECT CLIENT/unreal/Client-brief/Client-brief/ClientBrief1/Content/Food_Props_Kit/Textures/Vegetables/T_Mushroom2_BaseColor.uexp" 1801
"D:/university work/Little Nightmares 2 UNI PROJECT CLIENT/unreal/Client-brief/Client-brief/ClientBrief1/Content/Food_Props_Kit/Textures/Vegetables/T_Mushroom2_Normal.ubulk" 1802
"D:/university work/Little Nightmares 2 UNI PROJECT CLIENT/unreal/Client-brief/Client-brief/ClientBrief1/Content/Food_Props_Kit/Textures/Vegetables/T_Mushroom2_Normal.uasset" 1803
"D:/university work/Little Nightmares 2 UNI PROJECT CLIENT/unreal/Client-brief/Client-brief/ClientBrief1/Content/Food_Props_Kit/Textures/Vegetables/T_Mushroom2_Normal.uexp" 1804
"D:/university work/Little Nightmares 2 UNI PROJECT CLIENT/unreal/Client-brief/Client-brief/ClientBrief1/Content/Food_Props_Kit/Textures/Vegetables/T_Mushroom2_OcclusionRoughnessMetallic.ubulk" 1805
"D:/university work/Little Nightmares 2 UNI PROJECT CLIENT/unreal/Client-brief/Client-brief/ClientBrief1/Content/Food_Props_Kit/Textures/Vegetables/T_Mushroom2_OcclusionRoughnessMetallic.uasset" 1806
"D:/university work/Little Nightmares 2 UNI PROJECT CLIENT/unreal/Client-brief/Client-brief/ClientBrief1/Content/Food_Props_Kit/Textures/Vegetables/T_Mushroom2_OcclusionRoughnessMetallic.uexp" 1807
"D:/university work/Little Nightmares 2 UNI PROJECT CLIENT/unreal/Client-brief/Client-brief/ClientBrief1/Content/Food_Props_Kit/Materials/Material_Instances/Vegetables/MI_Mushroom2.uasset" 1808
"D:/university work/Little Nightmares 2 UNI PROJECT CLIENT/unreal/Client-brief/Client-brief/ClientBrief1/Content/Food_Props_Kit/Materials/Material_Instances/Vegetables/MI_Mushroom2.uexp" 1809
"D:/university work/Little Nightmares 2 UNI PROJECT CLIENT/unreal/Client-brief/Client-brief/ClientBrief1/Content/Food_Props_Kit/Meshes/SM_Mushroom2.ubulk" 1810
"D:/university work/Little Nightmares 2 UNI PROJECT CLIENT/unreal/Client-brief/Client-brief/ClientBrief1/Content/Food_Props_Kit/Meshes/SM_Mushroom2.uasset" 1811
"D:/university work/Little Nightmares 2 UNI PROJECT CLIENT/unreal/Client-brief/Client-brief/ClientBrief1/Content/Food_Props_Kit/Meshes/SM_Mushroom2.uexp" 1812
"D:/university work/Little Nightmares 2 UNI PROJECT CLIENT/unreal/Client-brief/Client-brief/ClientBrief1/Content/MDMedieval/Meshes/MDMedieval_Furniture_Barrel_Small_Stand.ubulk" 1813
"D:/university work/Little Nightmares 2 UNI PROJECT CLIENT/unreal/Client-brief/Client-brief/ClientBrief1/Content/MDMedieval/Meshes/MDMedieval_Furniture_Barrel_Small_Stand.uasset" 1814
"D:/university work/Little Nightmares 2 UNI PROJECT CLIENT/unreal/Client-brief/Client-brief/ClientBrief1/Content/MDMedieval/Meshes/MDMedieval_Furniture_Barrel_Small_Stand.uexp" 1815
"D:/university work/Little Nightmares 2 UNI PROJECT CLIENT/unreal/Client-brief/Client-brief/ClientBrief1/Content/MDMedieval/Meshes/MDMedieval_Ceiling_Log_Middle.ubulk" 1816
"D:/university work/Little Nightmares 2 UNI PROJECT CLIENT/unreal/Client-brief/Client-brief/ClientBrief1/Content/MDMedieval/Meshes/MDMedieval_Ceiling_Log_Middle.uasset" 1817
"D:/university work/Little Nightmares 2 UNI PROJECT CLIENT/unreal/Client-brief/Client-brief/ClientBrief1/Content/MDMedieval/Meshes/MDMedieval_Ceiling_Log_Middle.uexp" 1818
"D:/university work/Little Nightmares 2 UNI PROJECT CLIENT/unreal/Client-brief/Client-brief/ClientBrief1/Content/Food_Props_Kit/Textures/Grain/T_Barley_Normal.ubulk" 1819
"D:/university work/Little Nightmares 2 UNI PROJECT CLIENT/unreal/Client-brief/Client-brief/ClientBrief1/Content/Food_Props_Kit/Textures/Grain/T_Barley_Normal.uasset" 1820
"D:/university work/Little Nightmares 2 UNI PROJECT CLIENT/unreal/Client-brief/Client-brief/ClientBrief1/Content/Food_Props_Kit/Textures/Grain/T_Barley_Normal.uexp" 1821
"D:/university work/Little Nightmares 2 UNI PROJECT CLIENT/unreal/Client-brief/Client-brief/ClientBrief1/Content/Food_Props_Kit/Textures/Grain/T_Barley_BaseColor.ubulk" 1822
"D:/university work/Little Nightmares 2 UNI PROJECT CLIENT/unreal/Client-brief/Client-brief/ClientBrief1/Content/Food_Props_Kit/Textures/Grain/T_Barley_BaseColor.uasset" 1823
"D:/university work/Little Nightmares 2 UNI PROJECT CLIENT/unreal/Client-brief/Client-brief/ClientBrief1/Content/Food_Props_Kit/Textures/Grain/T_Barley_BaseColor.uexp" 1824
"D:/university work/Little Nightmares 2 UNI PROJECT CLIENT/unreal/Client-brief/Client-brief/ClientBrief1/Content/Food_Props_Kit/Textures/Grain/T_Barley_OcclusionRoughnessMetallic.ubulk" 1825
"D:/university work/Little Nightmares 2 UNI PROJECT CLIENT/unreal/Client-brief/Client-brief/ClientBrief1/Content/Food_Props_Kit/Textures/Grain/T_Barley_OcclusionRoughnessMetallic.uasset" 1826
"D:/university work/Little Nightmares 2 UNI PROJECT CLIENT/unreal/Client-brief/Client-brief/ClientBrief1/Content/Food_Props_Kit/Textures/Grain/T_Barley_OcclusionRoughnessMetallic.uexp" 1827
"D:/university work/Little Nightmares 2 UNI PROJECT CLIENT/unreal/Client-brief/Client-brief/ClientBrief1/Content/Food_Props_Kit/Materials/Master_Materials/M_Grain.uasset" 1828
"D:/university work/Little Nightmares 2 UNI PROJECT CLIENT/unreal/Client-brief/Client-brief/ClientBrief1/Content/Food_Props_Kit/Materials/Master_Materials/M_Grain.uexp" 1829
"D:/university work/Little Nightmares 2 UNI PROJECT CLIENT/unreal/Client-brief/Client-brief/ClientBrief1/Content/Food_Props_Kit/Materials/Material_Instances/Grain/MI_Grain_1.uasset" 1830
"D:/university work/Little Nightmares 2 UNI PROJECT CLIENT/unreal/Client-brief/Client-brief/ClientBrief1/Content/Food_Props_Kit/Materials/Material_Instances/Grain/MI_Grain_1.uexp" 1831
"D:/university work/Little Nightmares 2 UNI PROJECT CLIENT/unreal/Client-brief/Client-brief/ClientBrief1/Content/Food_Props_Kit/Meshes/SM_FillBarel1.ubulk" 1832
"D:/university work/Little Nightmares 2 UNI PROJECT CLIENT/unreal/Client-brief/Client-brief/ClientBrief1/Content/Food_Props_Kit/Meshes/SM_FillBarel1.uasset" 1833
"D:/university work/Little Nightmares 2 UNI PROJECT CLIENT/unreal/Client-brief/Client-brief/ClientBrief1/Content/Food_Props_Kit/Meshes/SM_FillBarel1.uexp" 1834
"D:/university work/Little Nightmares 2 UNI PROJECT CLIENT/unreal/Client-brief/Client-brief/ClientBrief1/Content/MDMedieval/Materials/MDMedieval_Metal_BigWardrobe_Mat_Inst.uasset" 1835
"D:/university work/Little Nightmares 2 UNI PROJECT CLIENT/unreal/Client-brief/Client-brief/ClientBrief1/Content/MDMedieval/Materials/MDMedieval_Metal_BigWardrobe_Mat_Inst.uexp" 1836
"D:/university work/Little Nightmares 2 UNI PROJECT CLIENT/unreal/Client-brief/Client-brief/ClientBrief1/Content/MDMedieval/Meshes/MDMedieval_Furniture_Wardrobe.ubulk" 1837
"D:/university work/Little Nightmares 2 UNI PROJECT CLIENT/unreal/Client-brief/Client-brief/ClientBrief1/Content/MDMedieval/Meshes/MDMedieval_Furniture_Wardrobe.uasset" 1838
"D:/university work/Little Nightmares 2 UNI PROJECT CLIENT/unreal/Client-brief/Client-brief/ClientBrief1/Content/MDMedieval/Meshes/MDMedieval_Furniture_Wardrobe.uexp" 1839
"D:/university work/Little Nightmares 2 UNI PROJECT CLIENT/unreal/Client-brief/Client-brief/ClientBrief1/Content/Vefects/Free_Fire/Shared/Particles/NS_Fire_Small_Simple.uasset" 1840
"D:/university work/Little Nightmares 2 UNI PROJECT CLIENT/unreal/Client-brief/Client-brief/ClientBrief1/Content/Vefects/Free_Fire/Shared/Particles/NS_Fire_Small_Simple.uexp" 1841
"D:/university work/Little Nightmares 2 UNI PROJECT CLIENT/unreal/Client-brief/Client-brief/ClientBrief1/Content/MDMedieval/Meshes/MDMedieval_Prison_Chains.ubulk" 1842
"D:/university work/Little Nightmares 2 UNI PROJECT CLIENT/unreal/Client-brief/Client-brief/ClientBrief1/Content/MDMedieval/Meshes/MDMedieval_Prison_Chains.uasset" 1843
"D:/university work/Little Nightmares 2 UNI PROJECT CLIENT/unreal/Client-brief/Client-brief/ClientBrief1/Content/MDMedieval/Meshes/MDMedieval_Prison_Chains.uexp" 1844
"D:/university work/Little Nightmares 2 UNI PROJECT CLIENT/unreal/Client-brief/Client-brief/ClientBrief1/Content/Vefects/Free_Fire/Shared/Particles/NS_Fire_Medium.uasset" 1845
"D:/university work/Little Nightmares 2 UNI PROJECT CLIENT/unreal/Client-brief/Client-brief/ClientBrief1/Content/Vefects/Free_Fire/Shared/Particles/NS_Fire_Medium.uexp" 1846
"D:/university work/Little Nightmares 2 UNI PROJECT CLIENT/unreal/Client-brief/Client-brief/ClientBrief1/Content/MDMedieval/Textures/MDMedieval_Mask_PrisonSingleWall.ubulk" 1847
"D:/university work/Little Nightmares 2 UNI PROJECT CLIENT/unreal/Client-brief/Client-brief/ClientBrief1/Content/MDMedieval/Textures/MDMedieval_Mask_PrisonSingleWall.uasset" 1848
"D:/university work/Little Nightmares 2 UNI PROJECT CLIENT/unreal/Client-brief/Client-brief/ClientBrief1/Content/MDMedieval/Textures/MDMedieval_Mask_PrisonSingleWall.uexp" 1849
"D:/university work/Little Nightmares 2 UNI PROJECT CLIENT/unreal/Client-brief/Client-brief/ClientBrief1/Content/MDMedieval/Materials/MDMedieval_Metal_PrisonBars_Mat_Inst.uasset" 1850
"D:/university work/Little Nightmares 2 UNI PROJECT CLIENT/unreal/Client-brief/Client-brief/ClientBrief1/Content/MDMedieval/Materials/MDMedieval_Metal_PrisonBars_Mat_Inst.uexp" 1851
"D:/university work/Little Nightmares 2 UNI PROJECT CLIENT/unreal/Client-brief/Client-brief/ClientBrief1/Content/MDMedieval/Meshes/MDMedieval_Prison_Bars_SingleWall.ubulk" 1852
"D:/university work/Little Nightmares 2 UNI PROJECT CLIENT/unreal/Client-brief/Client-brief/ClientBrief1/Content/MDMedieval/Meshes/MDMedieval_Prison_Bars_SingleWall.uasset" 1853
"D:/university work/Little Nightmares 2 UNI PROJECT CLIENT/unreal/Client-brief/Client-brief/ClientBrief1/Content/MDMedieval/Meshes/MDMedieval_Prison_Bars_SingleWall.uexp" 1854
"D:/university work/Little Nightmares 2 UNI PROJECT CLIENT/unreal/Client-brief/Client-brief/ClientBrief1/Content/MDMedieval/Meshes/MDMedieval_Furniture_Chest_Gold_Coin.ubulk" 1855
"D:/university work/Little Nightmares 2 UNI PROJECT CLIENT/unreal/Client-brief/Client-brief/ClientBrief1/Content/MDMedieval/Meshes/MDMedieval_Furniture_Chest_Gold_Coin.uasset" 1856
"D:/university work/Little Nightmares 2 UNI PROJECT CLIENT/unreal/Client-brief/Client-brief/ClientBrief1/Content/MDMedieval/Meshes/MDMedieval_Furniture_Chest_Gold_Coin.uexp" 1857
"D:/university work/Little Nightmares 2 UNI PROJECT CLIENT/unreal/Client-brief/Client-brief/ClientBrief1/Content/Food_Props_Kit/Textures/Fruits/T_Coconut1Piece_OcclusionRoughnessMetallic.ubulk" 1858
"D:/university work/Little Nightmares 2 UNI PROJECT CLIENT/unreal/Client-brief/Client-brief/ClientBrief1/Content/Food_Props_Kit/Textures/Fruits/T_Coconut1Piece_OcclusionRoughnessMetallic.uasset" 1859
"D:/university work/Little Nightmares 2 UNI PROJECT CLIENT/unreal/Client-brief/Client-brief/ClientBrief1/Content/Food_Props_Kit/Textures/Fruits/T_Coconut1Piece_OcclusionRoughnessMetallic.uexp" 1860
"D:/university work/Little Nightmares 2 UNI PROJECT CLIENT/unreal/Client-brief/Client-brief/ClientBrief1/Content/Food_Props_Kit/Textures/Fruits/T_Coconut1Piece_Normal.ubulk" 1861
"D:/university work/Little Nightmares 2 UNI PROJECT CLIENT/unreal/Client-brief/Client-brief/ClientBrief1/Content/Food_Props_Kit/Textures/Fruits/T_Coconut1Piece_Normal.uasset" 1862
"D:/university work/Little Nightmares 2 UNI PROJECT CLIENT/unreal/Client-brief/Client-brief/ClientBrief1/Content/Food_Props_Kit/Textures/Fruits/T_Coconut1Piece_Normal.uexp" 1863
"D:/university work/Little Nightmares 2 UNI PROJECT CLIENT/unreal/Client-brief/Client-brief/ClientBrief1/Content/Food_Props_Kit/Textures/Fruits/T_Coconut1Piece_BaseColor.ubulk" 1864
"D:/university work/Little Nightmares 2 UNI PROJECT CLIENT/unreal/Client-brief/Client-brief/ClientBrief1/Content/Food_Props_Kit/Textures/Fruits/T_Coconut1Piece_BaseColor.uasset" 1865
"D:/university work/Little Nightmares 2 UNI PROJECT CLIENT/unreal/Client-brief/Client-brief/ClientBrief1/Content/Food_Props_Kit/Textures/Fruits/T_Coconut1Piece_BaseColor.uexp" 1866
"D:/university work/Little Nightmares 2 UNI PROJECT CLIENT/unreal/Client-brief/Client-brief/ClientBrief1/Content/Food_Props_Kit/Materials/Material_Instances/Fruits/MI_Coconut1Piece.uasset" 1867
"D:/university work/Little Nightmares 2 UNI PROJECT CLIENT/unreal/Client-brief/Client-brief/ClientBrief1/Content/Food_Props_Kit/Materials/Material_Instances/Fruits/MI_Coconut1Piece.uexp" 1868
"D:/university work/Little Nightmares 2 UNI PROJECT CLIENT/unreal/Client-brief/Client-brief/ClientBrief1/Content/Food_Props_Kit/Meshes/SM_Coconut1Piece.ubulk" 1869
"D:/university work/Little Nightmares 2 UNI PROJECT CLIENT/unreal/Client-brief/Client-brief/ClientBrief1/Content/Food_Props_Kit/Meshes/SM_Coconut1Piece.uasset" 1870
"D:/university work/Little Nightmares 2 UNI PROJECT CLIENT/unreal/Client-brief/Client-brief/ClientBrief1/Content/Food_Props_Kit/Meshes/SM_Coconut1Piece.uexp" 1871
"D:/university work/Little Nightmares 2 UNI PROJECT CLIENT/unreal/Client-brief/Client-brief/ClientBrief1/Content/3DModels/grad.uasset" 1872
"D:/university work/Little Nightmares 2 UNI PROJECT CLIENT/unreal/Client-brief/Client-brief/ClientBrief1/Content/3DModels/grad.uexp" 1873
"D:/university work/Little Nightmares 2 UNI PROJECT CLIENT/unreal/Client-brief/Client-brief/ClientBrief1/Content/3DModels/grad_Mat.uasset" 1874
"D:/university work/Little Nightmares 2 UNI PROJECT CLIENT/unreal/Client-brief/Client-brief/ClientBrief1/Content/3DModels/grad_Mat.uexp" 1875
"D:/university work/Little Nightmares 2 UNI PROJECT CLIENT/unreal/Client-brief/Client-brief/ClientBrief1/Content/Food_Props_Kit/Meshes/SM_Bag4.ubulk" 1876
"D:/university work/Little Nightmares 2 UNI PROJECT CLIENT/unreal/Client-brief/Client-brief/ClientBrief1/Content/Food_Props_Kit/Meshes/SM_Bag4.uasset" 1877
"D:/university work/Little Nightmares 2 UNI PROJECT CLIENT/unreal/Client-brief/Client-brief/ClientBrief1/Content/Food_Props_Kit/Meshes/SM_Bag4.uexp" 1878
"D:/university work/Little Nightmares 2 UNI PROJECT CLIENT/unreal/Client-brief/Client-brief/ClientBrief1/Content/Crafting_lv1.uexp" 1879
"D:/university work/Little Nightmares 2 UNI PROJECT CLIENT/unreal/Client-brief/Client-brief/ClientBrief1/Content/Crafting_lv1.umap" 1880
"D:/university work/Little Nightmares 2 UNI PROJECT CLIENT/unreal/Client-brief/Client-brief/ClientBrief1/Content/standardSurface1.uasset" 1881
"D:/university work/Little Nightmares 2 UNI PROJECT CLIENT/unreal/Client-brief/Client-brief/ClientBrief1/Content/standardSurface1.uexp" 1882
"D:/university work/Little Nightmares 2 UNI PROJECT CLIENT/unreal/Client-brief/Client-brief/ClientBrief1/Content/surface3.ubulk" 1883
"D:/university work/Little Nightmares 2 UNI PROJECT CLIENT/unreal/Client-brief/Client-brief/ClientBrief1/Content/surface3.uasset" 1884
"D:/university work/Little Nightmares 2 UNI PROJECT CLIENT/unreal/Client-brief/Client-brief/ClientBrief1/Content/surface3.uexp" 1885
"D:/university work/Little Nightmares 2 UNI PROJECT CLIENT/unreal/Client-brief/Client-brief/ClientBrief1/Content/Textures/surface3obj_initialShadingGroup_BaseColor.ubulk" 1886
"D:/university work/Little Nightmares 2 UNI PROJECT CLIENT/unreal/Client-brief/Client-brief/ClientBrief1/Content/Textures/surface3obj_initialShadingGroup_BaseColor.uasset" 1887
"D:/university work/Little Nightmares 2 UNI PROJECT CLIENT/unreal/Client-brief/Client-brief/ClientBrief1/Content/Textures/surface3obj_initialShadingGroup_BaseColor.uexp" 1888
"D:/university work/Little Nightmares 2 UNI PROJECT CLIENT/unreal/Client-brief/Client-brief/ClientBrief1/Content/Textures/surface3obj_initialShadingGroup_BaseColor_Mat.uasset" 1889
"D:/university work/Little Nightmares 2 UNI PROJECT CLIENT/unreal/Client-brief/Client-brief/ClientBrief1/Content/Textures/surface3obj_initialShadingGroup_BaseColor_Mat.uexp" 1890
"D:/university work/Little Nightmares 2 UNI PROJECT CLIENT/unreal/Client-brief/Client-brief/ClientBrief1/Content/MDMedieval/Meshes/MDMedieval_Wall_Open_Middle.ubulk" 1891
"D:/university work/Little Nightmares 2 UNI PROJECT CLIENT/unreal/Client-brief/Client-brief/ClientBrief1/Content/MDMedieval/Meshes/MDMedieval_Wall_Open_Middle.uasset" 1892
"D:/university work/Little Nightmares 2 UNI PROJECT CLIENT/unreal/Client-brief/Client-brief/ClientBrief1/Content/MDMedieval/Meshes/MDMedieval_Wall_Open_Middle.uexp" 1893
"D:/university work/Little Nightmares 2 UNI PROJECT CLIENT/unreal/Client-brief/Client-brief/ClientBrief1/Content/MDMedieval/Textures/MDMedieval_Mask_WoodDoors.ubulk" 1894
"D:/university work/Little Nightmares 2 UNI PROJECT CLIENT/unreal/Client-brief/Client-brief/ClientBrief1/Content/MDMedieval/Textures/MDMedieval_Mask_WoodDoors.uasset" 1895
"D:/university work/Little Nightmares 2 UNI PROJECT CLIENT/unreal/Client-brief/Client-brief/ClientBrief1/Content/MDMedieval/Textures/MDMedieval_Mask_WoodDoors.uexp" 1896
"D:/university work/Little Nightmares 2 UNI PROJECT CLIENT/unreal/Client-brief/Client-brief/ClientBrief1/Content/MDMedieval/Materials/MDMedieval_Metal_Door_Mat_Inst.uasset" 1897
"D:/university work/Little Nightmares 2 UNI PROJECT CLIENT/unreal/Client-brief/Client-brief/ClientBrief1/Content/MDMedieval/Materials/MDMedieval_Metal_Door_Mat_Inst.uexp" 1898
"D:/university work/Little Nightmares 2 UNI PROJECT CLIENT/unreal/Client-brief/Client-brief/ClientBrief1/Content/MDMedieval/Materials/MDMedieval_Wood_Door_Mat_Inst.uasset" 1899
"D:/university work/Little Nightmares 2 UNI PROJECT CLIENT/unreal/Client-brief/Client-brief/ClientBrief1/Content/MDMedieval/Materials/MDMedieval_Wood_Door_Mat_Inst.uexp" 1900
"D:/university work/Little Nightmares 2 UNI PROJECT CLIENT/unreal/Client-brief/Client-brief/ClientBrief1/Content/MDMedieval/Meshes/MDMedieval_Door_Wood.ubulk" 1901
"D:/university work/Little Nightmares 2 UNI PROJECT CLIENT/unreal/Client-brief/Client-brief/ClientBrief1/Content/MDMedieval/Meshes/MDMedieval_Door_Wood.uasset" 1902
"D:/university work/Little Nightmares 2 UNI PROJECT CLIENT/unreal/Client-brief/Client-brief/ClientBrief1/Content/MDMedieval/Meshes/MDMedieval_Door_Wood.uexp" 1903
"D:/university work/Little Nightmares 2 UNI PROJECT CLIENT/unreal/Client-brief/Client-brief/ClientBrief1/Content/Crafting_lv.uexp" 1904
"D:/university work/Little Nightmares 2 UNI PROJECT CLIENT/unreal/Client-brief/Client-brief/ClientBrief1/Content/Crafting_lv.umap" 1905
"../../../Engine/Content/Maps/Entry_BuiltData.uasset" 1906
"../../../Engine/Content/Maps/Entry_BuiltData.uexp" 1907
"../../../Engine/Content/Maps/Entry.uexp" 1908
"../../../Engine/Content/Maps/Entry.umap" 1909
